RegistrationNumber,CompanyName,RegistrationDate,CompanyType,Status,Province,RegisteredAddress,DirectorCount
2023/995026/21,Prime Consulting 661 (Pty) Ltd,2022-07-27,CC,In Business,Western Cape,"859 Baker Street, Johannesburg",3
2017/772086/21,Global Investments 513 (Pty) Ltd,2023-06-15,NPC,In Business,KwaZulu-Natal,"976 Baker Street, Johannesburg",2
2024/967938/08,Continental Trading 526 (Pty) Ltd,2021-06-29,NPC,In Business,Western Cape,"988 Main Street, Johannesburg",5
2022/150517/21,African Investments 268 (Pty) Ltd,2022-10-17,PTY LTD,In Business,KwaZulu-Natal,"217 Baker Street, Johannesburg",2
2020/367198/08,Prime Consulting 989 (Pty) Ltd,2023-05-31,PTY LTD,In Business,Eastern Cape,"952 Main Street, Johannesburg",2
2018/948792/21,United Services 307 (Pty) Ltd,2016-01-02,NPC,In Business,Gauteng,"267 Main Street, Johannesburg",2
2020/797395/08,African Group 888 (Pty) Ltd,2018-06-22,PTY LTD,In Business,Gauteng,"353 Commissioner Street, Johannesburg",5
2017/734915/07,United Group 121 (Pty) Ltd,2015-10-17,PTY LTD,In Business,Gauteng,"410 Commissioner Street, Johannesburg",2
2017/766526/21,African Trading 269 (Pty) Ltd,2021-06-10,CC,In Business,KwaZulu-Natal,"452 Fox Street, Johannesburg",1
2016/944740/21,Continental Technologies 425 (Pty) Ltd,2015-08-30,NPC,In Business,Gauteng,"227 Fox Street, Johannesburg",2
2023/421702/08,African Technologies 424 (Pty) Ltd,2023-06-05,CC,In Business,Free State,"215 Baker Street, Johannesburg",1
2016/132969/21,Premium Solutions 496 (Pty) Ltd,2021-01-17,CC,In Business,Free State,"486 Baker Street, Johannesburg",5
2017/925000/21,Continental Services 795 (Pty) Ltd,2015-12-14,CC,Deregistered,Western Cape,"482 Main Street, Johannesburg",4
2022/568501/07,African Group 572 (Pty) Ltd,2019-01-07,PTY LTD,In Business,Western Cape,"251 Main Street, Johannesburg",1
2015/890126/21,African Services 443 (Pty) Ltd,2022-01-29,CC,Deregistered,Eastern Cape,"712 Fox Street, Johannesburg",3
2019/335047/21,United Trading 411 (Pty) Ltd,2022-07-04,LTD,In Business,Western Cape,"618 Baker Street, Johannesburg",2
2023/184023/21,United Services 136 (Pty) Ltd,2020-03-09,PTY LTD,In Business,Gauteng,"400 Main Street, Johannesburg",2
2018/710422/07,Global Technologies 597 (Pty) Ltd,2016-07-07,CC,In Business,Western Cape,"584 Fox Street, Johannesburg",4
2022/596472/07,Premium Group 864 (Pty) Ltd,2020-11-30,PTY LTD,Deregistered,Free State,"748 Baker Street, Johannesburg",1
2015/119715/07,Continental Services 471 (Pty) Ltd,2016-05-16,LTD,In Business,KwaZulu-Natal,"317 Main Street, Johannesburg",1
2022/939241/21,Apex Technologies 861 (Pty) Ltd,2021-06-28,PTY LTD,In Business,Gauteng,"473 Baker Street, Johannesburg",5
2020/597168/07,Premium Holdings 33 (Pty) Ltd,2020-08-29,CC,In Business,Eastern Cape,"703 Fox Street, Johannesburg",3
2019/183493/08,Summit Solutions 668 (Pty) Ltd,2018-04-22,NPC,In Business,Free State,"748 Baker Street, Johannesburg",4
2021/296781/21,United Technologies 898 (Pty) Ltd,2020-05-26,PTY LTD,Deregistered,Gauteng,"271 Main Street, Johannesburg",2
2019/330067/21,United Group 943 (Pty) Ltd,2018-01-27,NPC,Under Judicial Management,KwaZulu-Natal,"558 Commissioner Street, Johannesburg",1
2024/140101/08,Apex Trading 974 (Pty) Ltd,2016-02-12,NPC,In Business,Gauteng,"650 Main Street, Johannesburg",3
2016/249477/08,Summit Investments 322 (Pty) Ltd,2019-08-25,PTY LTD,In Business,Western Cape,"627 Fox Street, Johannesburg",5
2015/484303/07,African Services 829 (Pty) Ltd,2020-02-18,LTD,In Business,Gauteng,"610 Fox Street, Johannesburg",3
2024/653314/07,African Trading 470 (Pty) Ltd,2023-08-30,PTY LTD,In Business,KwaZulu-Natal,"459 Commissioner Street, Johannesburg",5
2024/541255/21,Prime Investments 993 (Pty) Ltd,2015-06-08,CC,In Business,Gauteng,"712 Baker Street, Johannesburg",1
2021/617491/21,Apex Group 78 (Pty) Ltd,2020-02-02,PTY LTD,In Business,KwaZulu-Natal,"765 Main Street, Johannesburg",3
2021/152941/07,Continental Services 844 (Pty) Ltd,2020-10-31,PTY LTD,Under Judicial Management,Free State,"382 Baker Street, Johannesburg",1
2018/656056/08,African Trading 883 (Pty) Ltd,2019-03-06,PTY LTD,In Business,KwaZulu-Natal,"583 Commissioner Street, Johannesburg",3
2024/193868/07,United Group 481 (Pty) Ltd,2022-05-07,CC,In Business,Free State,"688 Main Street, Johannesburg",4
2023/623116/07,African Trading 990 (Pty) Ltd,2018-12-15,NPC,In Business,KwaZulu-Natal,"344 Fox Street, Johannesburg",3
2017/857833/08,Summit Consulting 729 (Pty) Ltd,2016-02-20,LTD,In Business,Gauteng,"160 Main Street, Johannesburg",1
2021/353492/21,United Group 758 (Pty) Ltd,2017-02-02,NPC,In Business,KwaZulu-Natal,"730 Commissioner Street, Johannesburg",4
2017/531903/07,Premium Trading 317 (Pty) Ltd,2020-10-16,LTD,Under Judicial Management,KwaZulu-Natal,"845 Commissioner Street, Johannesburg",1
2019/527957/08,African Holdings 722 (Pty) Ltd,2015-01-02,CC,In Business,Gauteng,"1 Commissioner Street, Johannesburg",2
2021/947021/21,Global Consulting 254 (Pty) Ltd,2022-04-20,PTY LTD,In Business,Western Cape,"60 Fox Street, Johannesburg",5
2021/952040/21,African Investments 504 (Pty) Ltd,2018-03-22,CC,In Business,Western Cape,"182 Baker Street, Johannesburg",3
2019/122345/08,Summit Services 517 (Pty) Ltd,2018-09-19,CC,In Business,KwaZulu-Natal,"486 Commissioner Street, Johannesburg",4
2015/225880/08,Premium Consulting 127 (Pty) Ltd,2016-12-26,NPC,Deregistered,Gauteng,"172 Commissioner Street, Johannesburg",3
2018/705425/21,African Consulting 259 (Pty) Ltd,2022-06-20,NPC,In Business,KwaZulu-Natal,"938 Fox Street, Johannesburg",3
2016/213478/21,Apex Consulting 546 (Pty) Ltd,2019-03-23,NPC,In Business,Western Cape,"639 Baker Street, Johannesburg",2
2022/346708/21,Premium Solutions 8 (Pty) Ltd,2015-05-20,CC,Under Judicial Management,Western Cape,"527 Main Street, Johannesburg",1
2016/957055/08,United Consulting 148 (Pty) Ltd,2020-08-21,PTY LTD,In Business,KwaZulu-Natal,"131 Baker Street, Johannesburg",4
2020/792961/07,Prime Group 272 (Pty) Ltd,2018-10-13,CC,In Business,Free State,"403 Main Street, Johannesburg",4
2015/829598/08,Summit Investments 113 (Pty) Ltd,2020-01-30,CC,In Business,KwaZulu-Natal,"398 Fox Street, Johannesburg",4
2023/786542/21,United Technologies 223 (Pty) Ltd,2019-04-29,NPC,In Business,KwaZulu-Natal,"916 Commissioner Street, Johannesburg",3
2023/811562/21,ABC Services 530 (Pty) Ltd,2019-09-07,LTD,In Business,Western Cape,"724 Main Street, Johannesburg",3
2022/729030/08,United Consulting 38 (Pty) Ltd,2022-05-08,LTD,In Business,Free State,"299 Baker Street, Johannesburg",4
2023/117938/21,African Group 191 (Pty) Ltd,2016-10-11,NPC,In Business,Eastern Cape,"907 Main Street, Johannesburg",5
2024/114375/21,Premium Holdings 437 (Pty) Ltd,2020-03-26,NPC,Under Judicial Management,Western Cape,"317 Main Street, Johannesburg",5
2020/896403/08,Continental Holdings 759 (Pty) Ltd,2023-02-13,PTY LTD,In Business,KwaZulu-Natal,"578 Fox Street, Johannesburg",1
2024/754190/07,African Services 704 (Pty) Ltd,2022-06-16,CC,In Business,KwaZulu-Natal,"611 Fox Street, Johannesburg",2
2022/373067/07,Continental Technologies 478 (Pty) Ltd,2020-04-16,PTY LTD,In Business,Western Cape,"891 Main Street, Johannesburg",1
2018/274135/07,Premium Consulting 560 (Pty) Ltd,2017-09-03,PTY LTD,In Business,Gauteng,"128 Commissioner Street, Johannesburg",1
2021/616099/07,Continental Solutions 823 (Pty) Ltd,2015-04-16,CC,In Business,Eastern Cape,"842 Commissioner Street, Johannesburg",4
2018/320346/21,Summit Consulting 359 (Pty) Ltd,2023-03-08,PTY LTD,In Business,KwaZulu-Natal,"545 Baker Street, Johannesburg",5
2023/427605/07,Continental Group 71 (Pty) Ltd,2018-09-27,CC,In Business,KwaZulu-Natal,"367 Baker Street, Johannesburg",4
2020/348959/08,African Holdings 365 (Pty) Ltd,2018-11-15,LTD,In Business,Eastern Cape,"932 Main Street, Johannesburg",4
2015/695402/07,ABC Group 742 (Pty) Ltd,2016-07-21,NPC,Deregistered,Free State,"588 Commissioner Street, Johannesburg",2
2020/871605/21,Global Trading 659 (Pty) Ltd,2021-06-22,NPC,In Business,KwaZulu-Natal,"808 Main Street, Johannesburg",5
2024/799980/08,Summit Investments 263 (Pty) Ltd,2018-01-10,LTD,In Business,Gauteng,"389 Baker Street, Johannesburg",2
2017/520942/08,United Services 521 (Pty) Ltd,2021-09-07,CC,In Business,Free State,"64 Commissioner Street, Johannesburg",1
2017/863113/07,Prime Technologies 287 (Pty) Ltd,2015-04-05,NPC,In Business,Eastern Cape,"146 Commissioner Street, Johannesburg",5
2023/491190/08,Continental Holdings 428 (Pty) Ltd,2022-07-03,NPC,Deregistered,Eastern Cape,"588 Main Street, Johannesburg",4
2018/308570/07,African Solutions 88 (Pty) Ltd,2020-09-04,PTY LTD,In Business,Eastern Cape,"790 Fox Street, Johannesburg",1
2019/322176/21,Summit Trading 244 (Pty) Ltd,2019-11-06,CC,In Business,Western Cape,"194 Fox Street, Johannesburg",4
2019/380385/21,ABC Technologies 334 (Pty) Ltd,2022-07-02,PTY LTD,In Business,Western Cape,"804 Fox Street, Johannesburg",3
2018/248697/07,Summit Holdings 659 (Pty) Ltd,2017-04-30,NPC,In Business,Eastern Cape,"169 Commissioner Street, Johannesburg",2
2015/759555/07,Premium Trading 234 (Pty) Ltd,2019-05-16,NPC,In Business,Gauteng,"430 Fox Street, Johannesburg",3
2016/111814/07,United Holdings 818 (Pty) Ltd,2023-07-15,NPC,In Business,Free State,"291 Fox Street, Johannesburg",2
2020/979595/07,United Investments 940 (Pty) Ltd,2020-08-05,LTD,In Business,Free State,"137 Commissioner Street, Johannesburg",2
2022/485860/21,Apex Technologies 105 (Pty) Ltd,2019-01-08,LTD,In Business,Gauteng,"143 Main Street, Johannesburg",3
2015/664416/07,Premium Services 42 (Pty) Ltd,2019-03-12,CC,In Business,Gauteng,"69 Main Street, Johannesburg",3
2020/650283/08,ABC Technologies 859 (Pty) Ltd,2022-01-24,LTD,In Business,KwaZulu-Natal,"695 Fox Street, Johannesburg",3
2018/302449/08,Premium Consulting 581 (Pty) Ltd,2023-03-24,CC,In Business,Eastern Cape,"741 Fox Street, Johannesburg",3
2021/107110/21,Summit Solutions 316 (Pty) Ltd,2017-11-02,PTY LTD,In Business,Western Cape,"312 Fox Street, Johannesburg",2
2016/724555/21,Premium Solutions 929 (Pty) Ltd,2015-11-01,LTD,Deregistered,Western Cape,"453 Commissioner Street, Johannesburg",4
2019/367182/21,Apex Technologies 168 (Pty) Ltd,2018-11-01,CC,In Business,Free State,"798 Commissioner Street, Johannesburg",4
2022/278634/21,Apex Solutions 54 (Pty) Ltd,2022-10-20,NPC,Deregistered,Free State,"767 Baker Street, Johannesburg",2
2022/446457/08,Global Holdings 949 (Pty) Ltd,2015-01-03,CC,Under Judicial Management,Free State,"686 Main Street, Johannesburg",4
2021/865051/21,African Technologies 924 (Pty) Ltd,2016-05-13,CC,In Business,Western Cape,"16 Fox Street, Johannesburg",1
2019/858470/08,Prime Group 964 (Pty) Ltd,2018-05-22,LTD,In Business,KwaZulu-Natal,"156 Commissioner Street, Johannesburg",1
2015/383824/07,ABC Technologies 595 (Pty) Ltd,2020-11-29,LTD,In Business,KwaZulu-Natal,"189 Commissioner Street, Johannesburg",2
2022/446840/08,Continental Consulting 481 (Pty) Ltd,2018-11-09,LTD,In Business,KwaZulu-Natal,"110 Baker Street, Johannesburg",5
2016/565698/07,African Consulting 635 (Pty) Ltd,2023-10-09,LTD,In Business,Free State,"186 Baker Street, Johannesburg",1
2017/308990/08,Apex Technologies 190 (Pty) Ltd,2020-04-24,LTD,In Business,Eastern Cape,"619 Commissioner Street, Johannesburg",3
2018/773365/07,Apex Holdings 309 (Pty) Ltd,2017-06-04,PTY LTD,In Business,Gauteng,"963 Commissioner Street, Johannesburg",3
2024/847590/08,Apex Holdings 243 (Pty) Ltd,2023-06-28,CC,In Business,Free State,"340 Baker Street, Johannesburg",3
2016/734732/08,Apex Group 620 (Pty) Ltd,2017-09-18,NPC,In Business,KwaZulu-Natal,"640 Fox Street, Johannesburg",5
2020/194887/07,United Consulting 74 (Pty) Ltd,2020-07-19,NPC,In Business,KwaZulu-Natal,"391 Fox Street, Johannesburg",4
2019/292793/08,Prime Group 840 (Pty) Ltd,2022-04-01,NPC,In Business,KwaZulu-Natal,"996 Baker Street, Johannesburg",2
2017/184478/08,ABC Consulting 567 (Pty) Ltd,2015-09-16,PTY LTD,In Business,Free State,"489 Main Street, Johannesburg",3
2015/480760/07,Summit Investments 211 (Pty) Ltd,2019-05-01,PTY LTD,In Business,KwaZulu-Natal,"917 Baker Street, Johannesburg",2
2015/421692/08,Continental Solutions 297 (Pty) Ltd,2022-07-03,CC,In Business,Free State,"857 Main Street, Johannesburg",2
2019/533363/07,Global Technologies 278 (Pty) Ltd,2016-01-09,LTD,In Business,Free State,"634 Main Street, Johannesburg",2
2016/331424/21,African Technologies 339 (Pty) Ltd,2017-04-19,LTD,Deregistered,Gauteng,"48 Fox Street, Johannesburg",5
2015/159671/07,Summit Investments 380 (Pty) Ltd,2023-01-26,PTY LTD,In Business,Free State,"465 Fox Street, Johannesburg",3
2020/924497/07,Premium Technologies 928 (Pty) Ltd,2023-11-15,LTD,In Business,Gauteng,"979 Baker Street, Johannesburg",3
2016/873086/08,ABC Group 382 (Pty) Ltd,2017-01-01,PTY LTD,In Business,KwaZulu-Natal,"320 Main Street, Johannesburg",5
2017/644203/08,ABC Holdings 102 (Pty) Ltd,2016-12-03,LTD,In Business,Gauteng,"612 Fox Street, Johannesburg",1
2019/796445/07,United Services 129 (Pty) Ltd,2022-03-05,NPC,In Business,Eastern Cape,"909 Baker Street, Johannesburg",4
2020/515996/08,Prime Investments 880 (Pty) Ltd,2020-06-08,NPC,In Business,Gauteng,"374 Fox Street, Johannesburg",1
2018/472342/07,Apex Trading 718 (Pty) Ltd,2021-08-06,NPC,Deregistered,Western Cape,"766 Main Street, Johannesburg",3
2019/938932/21,Premium Investments 759 (Pty) Ltd,2017-09-04,PTY LTD,In Business,Eastern Cape,"667 Main Street, Johannesburg",1
2024/435887/08,Premium Solutions 400 (Pty) Ltd,2016-08-24,LTD,In Business,Eastern Cape,"715 Commissioner Street, Johannesburg",2
2020/366746/07,Prime Services 991 (Pty) Ltd,2017-12-05,CC,In Business,Free State,"837 Commissioner Street, Johannesburg",2
2015/321372/07,Global Holdings 864 (Pty) Ltd,2016-12-04,NPC,In Business,KwaZulu-Natal,"666 Commissioner Street, Johannesburg",5
2024/440486/08,Global Investments 23 (Pty) Ltd,2019-05-30,LTD,In Business,Eastern Cape,"289 Baker Street, Johannesburg",1
2023/540581/21,Prime Holdings 49 (Pty) Ltd,2023-09-11,NPC,In Business,KwaZulu-Natal,"616 Main Street, Johannesburg",3
2019/319611/21,ABC Solutions 162 (Pty) Ltd,2023-07-10,NPC,In Business,Western Cape,"997 Fox Street, Johannesburg",3
2023/194421/07,Summit Holdings 919 (Pty) Ltd,2023-07-01,PTY LTD,In Business,Free State,"767 Fox Street, Johannesburg",4
2022/929865/08,Global Services 177 (Pty) Ltd,2018-09-12,CC,In Business,Free State,"580 Fox Street, Johannesburg",3
2024/645580/21,Apex Services 103 (Pty) Ltd,2021-11-23,LTD,Deregistered,Gauteng,"369 Main Street, Johannesburg",5
2023/176079/21,Premium Solutions 448 (Pty) Ltd,2015-01-19,NPC,In Business,Gauteng,"661 Fox Street, Johannesburg",2
2019/383775/07,Apex Technologies 628 (Pty) Ltd,2015-03-12,PTY LTD,In Business,Gauteng,"906 Commissioner Street, Johannesburg",1
2024/432803/07,United Holdings 507 (Pty) Ltd,2018-02-13,NPC,Deregistered,Eastern Cape,"213 Fox Street, Johannesburg",5
2018/756255/21,Apex Consulting 57 (Pty) Ltd,2021-03-04,CC,In Business,Free State,"669 Baker Street, Johannesburg",2
2016/763257/21,Prime Consulting 748 (Pty) Ltd,2021-01-15,NPC,In Business,Gauteng,"135 Commissioner Street, Johannesburg",5
2019/837369/08,Premium Investments 176 (Pty) Ltd,2018-01-14,PTY LTD,In Business,Gauteng,"137 Baker Street, Johannesburg",5
2022/683981/07,Premium Holdings 984 (Pty) Ltd,2019-03-22,NPC,In Business,Western Cape,"655 Main Street, Johannesburg",1
2017/960055/07,Global Investments 337 (Pty) Ltd,2019-10-24,PTY LTD,Deregistered,Gauteng,"284 Baker Street, Johannesburg",3
2020/976235/08,Apex Consulting 763 (Pty) Ltd,2016-11-07,PTY LTD,In Business,Eastern Cape,"621 Main Street, Johannesburg",4
2019/449698/07,Premium Group 391 (Pty) Ltd,2022-10-23,LTD,Deregistered,KwaZulu-Natal,"968 Main Street, Johannesburg",2
2017/540251/07,Continental Consulting 809 (Pty) Ltd,2021-04-07,NPC,In Business,Western Cape,"973 Commissioner Street, Johannesburg",3
2019/818401/21,Summit Consulting 726 (Pty) Ltd,2023-05-23,PTY LTD,In Business,Free State,"741 Baker Street, Johannesburg",1
2020/316513/07,Continental Services 248 (Pty) Ltd,2020-10-09,PTY LTD,In Business,Gauteng,"523 Commissioner Street, Johannesburg",4
2018/184014/07,Premium Technologies 520 (Pty) Ltd,2015-09-04,PTY LTD,In Business,Eastern Cape,"242 Commissioner Street, Johannesburg",3
2024/693006/21,Continental Holdings 880 (Pty) Ltd,2016-05-22,LTD,In Business,KwaZulu-Natal,"31 Main Street, Johannesburg",2
2019/890669/08,Continental Trading 815 (Pty) Ltd,2015-11-19,PTY LTD,In Business,Western Cape,"986 Baker Street, Johannesburg",2
2021/828476/08,ABC Services 33 (Pty) Ltd,2022-03-19,LTD,Under Judicial Management,KwaZulu-Natal,"815 Main Street, Johannesburg",4
2024/186914/07,United Trading 988 (Pty) Ltd,2022-08-22,PTY LTD,In Business,Eastern Cape,"73 Fox Street, Johannesburg",1
2021/469939/21,United Holdings 856 (Pty) Ltd,2018-06-18,CC,In Business,KwaZulu-Natal,"406 Baker Street, Johannesburg",4
2015/364015/07,Prime Solutions 4 (Pty) Ltd,2015-05-03,PTY LTD,In Business,Western Cape,"817 Fox Street, Johannesburg",5
2017/271787/08,Global Trading 429 (Pty) Ltd,2020-11-07,LTD,In Business,KwaZulu-Natal,"98 Baker Street, Johannesburg",5
2017/472479/21,African Group 699 (Pty) Ltd,2016-06-10,CC,Deregistered,Eastern Cape,"353 Commissioner Street, Johannesburg",3
2021/450493/08,Prime Investments 399 (Pty) Ltd,2016-12-21,CC,In Business,Eastern Cape,"900 Main Street, Johannesburg",3
2018/101593/07,Continental Technologies 828 (Pty) Ltd,2020-06-24,PTY LTD,Under Judicial Management,KwaZulu-Natal,"497 Baker Street, Johannesburg",3
2017/857975/21,Summit Trading 155 (Pty) Ltd,2021-09-18,CC,In Business,Eastern Cape,"93 Main Street, Johannesburg",2
2022/209455/08,Global Consulting 694 (Pty) Ltd,2015-01-16,LTD,In Business,Gauteng,"979 Baker Street, Johannesburg",4
2017/994969/21,African Trading 693 (Pty) Ltd,2017-07-01,PTY LTD,In Business,KwaZulu-Natal,"481 Baker Street, Johannesburg",3
2022/574043/21,United Group 381 (Pty) Ltd,2022-05-15,NPC,In Business,Gauteng,"651 Baker Street, Johannesburg",2
2019/595474/08,ABC Technologies 590 (Pty) Ltd,2018-11-15,NPC,In Business,Gauteng,"94 Main Street, Johannesburg",2
2022/679196/08,Prime Trading 849 (Pty) Ltd,2016-11-28,PTY LTD,Under Judicial Management,Free State,"797 Fox Street, Johannesburg",5
2022/825678/07,Premium Trading 709 (Pty) Ltd,2015-12-24,CC,In Business,Western Cape,"363 Fox Street, Johannesburg",1
2024/997241/21,Prime Technologies 49 (Pty) Ltd,2016-09-07,NPC,In Business,KwaZulu-Natal,"876 Commissioner Street, Johannesburg",4
2018/266923/08,Prime Investments 241 (Pty) Ltd,2021-04-22,CC,In Business,KwaZulu-Natal,"204 Main Street, Johannesburg",1
2018/848760/08,United Investments 944 (Pty) Ltd,2018-03-01,NPC,Deregistered,Free State,"640 Fox Street, Johannesburg",5
2024/298940/08,ABC Services 383 (Pty) Ltd,2019-03-29,PTY LTD,In Business,Eastern Cape,"455 Commissioner Street, Johannesburg",2
2023/484635/08,ABC Holdings 64 (Pty) Ltd,2020-09-04,LTD,In Business,Western Cape,"641 Baker Street, Johannesburg",4
2018/171612/21,Premium Technologies 876 (Pty) Ltd,2023-10-23,CC,In Business,Western Cape,"925 Commissioner Street, Johannesburg",2
2020/735187/08,Continental Holdings 481 (Pty) Ltd,2021-11-24,NPC,In Business,Western Cape,"626 Main Street, Johannesburg",3
2021/268749/08,Premium Solutions 592 (Pty) Ltd,2023-02-02,PTY LTD,Under Judicial Management,KwaZulu-Natal,"433 Fox Street, Johannesburg",5
2018/902471/21,ABC Solutions 359 (Pty) Ltd,2022-05-24,CC,In Business,Gauteng,"329 Main Street, Johannesburg",5
2021/918567/21,African Group 50 (Pty) Ltd,2021-01-14,LTD,In Business,Free State,"61 Fox Street, Johannesburg",4
2015/768683/08,ABC Trading 946 (Pty) Ltd,2019-09-07,CC,In Business,Western Cape,"956 Baker Street, Johannesburg",5
2020/418514/08,United Consulting 312 (Pty) Ltd,2020-11-24,LTD,In Business,Western Cape,"963 Fox Street, Johannesburg",1
2021/393440/07,African Consulting 728 (Pty) Ltd,2022-07-01,LTD,In Business,Gauteng,"906 Main Street, Johannesburg",3
2022/743354/21,African Investments 634 (Pty) Ltd,2020-12-24,CC,In Business,Eastern Cape,"84 Fox Street, Johannesburg",4
2020/397638/08,Continental Trading 246 (Pty) Ltd,2022-09-28,NPC,In Business,Gauteng,"769 Baker Street, Johannesburg",4
2017/656953/08,African Technologies 190 (Pty) Ltd,2016-10-29,LTD,Deregistered,Gauteng,"165 Commissioner Street, Johannesburg",4
2017/101645/08,ABC Services 682 (Pty) Ltd,2017-08-11,NPC,In Business,Western Cape,"652 Main Street, Johannesburg",1
2024/266604/21,United Investments 831 (Pty) Ltd,2020-03-30,PTY LTD,In Business,Gauteng,"988 Commissioner Street, Johannesburg",4
2023/818375/07,Continental Services 271 (Pty) Ltd,2015-10-12,PTY LTD,In Business,Free State,"568 Main Street, Johannesburg",2
2023/133712/08,United Trading 836 (Pty) Ltd,2019-10-30,PTY LTD,In Business,KwaZulu-Natal,"980 Baker Street, Johannesburg",3
2016/103385/08,United Holdings 313 (Pty) Ltd,2017-07-14,NPC,In Business,Gauteng,"711 Commissioner Street, Johannesburg",5
2019/295336/07,United Technologies 408 (Pty) Ltd,2020-06-22,PTY LTD,In Business,KwaZulu-Natal,"505 Main Street, Johannesburg",5
2021/610872/21,Continental Group 195 (Pty) Ltd,2021-05-17,LTD,In Business,Western Cape,"742 Commissioner Street, Johannesburg",1
2016/133792/08,United Solutions 511 (Pty) Ltd,2017-02-12,NPC,In Business,Free State,"551 Fox Street, Johannesburg",4
2015/394134/07,Prime Holdings 630 (Pty) Ltd,2020-11-09,PTY LTD,In Business,Free State,"848 Commissioner Street, Johannesburg",3
2021/366541/08,African Consulting 482 (Pty) Ltd,2018-10-15,CC,In Business,Eastern Cape,"195 Main Street, Johannesburg",3
2021/827334/08,African Services 573 (Pty) Ltd,2018-02-15,LTD,In Business,Gauteng,"539 Fox Street, Johannesburg",5
2017/211516/21,United Solutions 440 (Pty) Ltd,2021-06-17,LTD,In Business,Eastern Cape,"499 Commissioner Street, Johannesburg",5
2021/296791/07,ABC Technologies 463 (Pty) Ltd,2015-09-08,NPC,In Business,KwaZulu-Natal,"25 Baker Street, Johannesburg",5
2020/215415/07,Continental Group 628 (Pty) Ltd,2021-12-28,PTY LTD,In Business,KwaZulu-Natal,"133 Commissioner Street, Johannesburg",3
2020/162224/21,Summit Solutions 940 (Pty) Ltd,2016-05-24,NPC,In Business,Gauteng,"550 Commissioner Street, Johannesburg",2
2016/109961/21,Global Trading 881 (Pty) Ltd,2017-02-01,PTY LTD,In Business,KwaZulu-Natal,"45 Main Street, Johannesburg",5
2020/123418/21,Premium Technologies 990 (Pty) Ltd,2023-07-24,PTY LTD,In Business,Gauteng,"16 Baker Street, Johannesburg",5
2020/423789/07,Premium Investments 420 (Pty) Ltd,2022-02-17,PTY LTD,In Business,KwaZulu-Natal,"271 Main Street, Johannesburg",3
2018/332418/08,Prime Trading 688 (Pty) Ltd,2021-06-04,LTD,In Business,KwaZulu-Natal,"783 Commissioner Street, Johannesburg",5
2022/255385/07,Premium Group 193 (Pty) Ltd,2020-01-08,NPC,In Business,Western Cape,"897 Commissioner Street, Johannesburg",1
2024/649143/07,Premium Trading 381 (Pty) Ltd,2017-08-22,PTY LTD,In Business,Western Cape,"488 Commissioner Street, Johannesburg",3
2024/703682/07,Apex Holdings 359 (Pty) Ltd,2017-11-30,PTY LTD,In Business,KwaZulu-Natal,"910 Main Street, Johannesburg",5
2017/977451/21,Continental Trading 376 (Pty) Ltd,2016-02-25,PTY LTD,In Business,Western Cape,"567 Commissioner Street, Johannesburg",3
2022/369557/07,Premium Services 274 (Pty) Ltd,2023-10-22,NPC,In Business,Western Cape,"578 Baker Street, Johannesburg",3
2023/950308/07,ABC Technologies 272 (Pty) Ltd,2015-11-16,PTY LTD,In Business,Gauteng,"498 Fox Street, Johannesburg",5
2017/122723/07,Global Investments 113 (Pty) Ltd,2022-02-24,LTD,In Business,Free State,"266 Commissioner Street, Johannesburg",2
2024/594596/08,Apex Solutions 63 (Pty) Ltd,2015-06-12,PTY LTD,In Business,Eastern Cape,"947 Baker Street, Johannesburg",4
2018/394167/21,Summit Services 139 (Pty) Ltd,2020-12-17,CC,In Business,Western Cape,"442 Main Street, Johannesburg",3
2017/152625/08,Global Consulting 242 (Pty) Ltd,2019-02-03,LTD,In Business,KwaZulu-Natal,"931 Main Street, Johannesburg",3
2019/304443/07,Continental Solutions 887 (Pty) Ltd,2017-04-25,CC,In Business,Gauteng,"159 Commissioner Street, Johannesburg",2
2016/834276/08,Premium Consulting 274 (Pty) Ltd,2017-03-06,PTY LTD,In Business,KwaZulu-Natal,"367 Baker Street, Johannesburg",4
2018/422382/21,Premium Solutions 74 (Pty) Ltd,2015-12-02,LTD,In Business,Eastern Cape,"76 Baker Street, Johannesburg",3
2020/562643/07,Premium Investments 785 (Pty) Ltd,2019-08-13,NPC,In Business,Free State,"273 Baker Street, Johannesburg",5
2020/274842/07,African Technologies 497 (Pty) Ltd,2016-11-07,LTD,Deregistered,KwaZulu-Natal,"230 Main Street, Johannesburg",4
2018/960383/21,Global Trading 57 (Pty) Ltd,2019-02-03,LTD,In Business,KwaZulu-Natal,"360 Baker Street, Johannesburg",4
2017/260785/21,Global Technologies 901 (Pty) Ltd,2020-12-13,CC,In Business,Eastern Cape,"635 Fox Street, Johannesburg",1
2016/563233/08,Prime Group 883 (Pty) Ltd,2015-05-09,NPC,Deregistered,Free State,"862 Main Street, Johannesburg",1
2021/744054/08,Prime Trading 817 (Pty) Ltd,2022-01-17,LTD,In Business,Western Cape,"901 Fox Street, Johannesburg",3
2017/199031/08,Premium Services 236 (Pty) Ltd,2015-07-14,CC,In Business,Eastern Cape,"306 Commissioner Street, Johannesburg",1
2017/763996/07,African Services 788 (Pty) Ltd,2020-01-05,LTD,In Business,Gauteng,"511 Fox Street, Johannesburg",1
2022/784717/21,United Services 189 (Pty) Ltd,2015-07-22,NPC,In Business,Gauteng,"876 Commissioner Street, Johannesburg",5
2018/529838/21,Premium Trading 722 (Pty) Ltd,2022-11-05,LTD,In Business,Gauteng,"858 Fox Street, Johannesburg",4
2021/950586/21,African Technologies 436 (Pty) Ltd,2018-01-14,PTY LTD,In Business,KwaZulu-Natal,"522 Main Street, Johannesburg",3
2018/961342/07,Prime Technologies 856 (Pty) Ltd,2019-05-01,PTY LTD,In Business,Free State,"792 Main Street, Johannesburg",2
2022/359466/07,Global Investments 806 (Pty) Ltd,2023-08-14,NPC,Deregistered,Gauteng,"662 Commissioner Street, Johannesburg",2
2016/938948/08,African Services 263 (Pty) Ltd,2021-12-20,NPC,In Business,Gauteng,"251 Main Street, Johannesburg",5
2022/978304/07,Apex Consulting 600 (Pty) Ltd,2019-10-12,NPC,In Business,Western Cape,"520 Main Street, Johannesburg",2
2018/939644/07,Summit Trading 156 (Pty) Ltd,2020-01-22,NPC,Deregistered,Western Cape,"637 Main Street, Johannesburg",2
2022/489398/07,Prime Group 729 (Pty) Ltd,2018-05-12,LTD,In Business,Gauteng,"94 Commissioner Street, Johannesburg",1
2019/755557/07,Prime Solutions 617 (Pty) Ltd,2016-02-22,CC,In Business,Eastern Cape,"845 Main Street, Johannesburg",4
2017/776429/08,Premium Group 946 (Pty) Ltd,2018-03-22,PTY LTD,Deregistered,Eastern Cape,"74 Fox Street, Johannesburg",5
2021/413296/21,ABC Trading 301 (Pty) Ltd,2023-09-13,LTD,Business Rescue,Eastern Cape,"410 Baker Street, Johannesburg",2
2022/258507/21,Apex Consulting 230 (Pty) Ltd,2023-03-08,NPC,In Business,Western Cape,"326 Baker Street, Johannesburg",2
2023/721676/21,Global Investments 321 (Pty) Ltd,2021-08-07,CC,In Business,Free State,"134 Baker Street, Johannesburg",1
2018/247217/08,ABC Investments 912 (Pty) Ltd,2020-10-17,PTY LTD,In Business,Western Cape,"630 Main Street, Johannesburg",3
2018/439122/21,Prime Group 332 (Pty) Ltd,2020-01-10,NPC,In Business,Eastern Cape,"426 Fox Street, Johannesburg",4
2022/510493/08,Summit Holdings 928 (Pty) Ltd,2016-08-12,NPC,Business Rescue,Western Cape,"183 Commissioner Street, Johannesburg",2
2021/581256/08,Apex Holdings 623 (Pty) Ltd,2022-08-28,NPC,In Business,KwaZulu-Natal,"102 Baker Street, Johannesburg",4
2024/376897/08,Global Solutions 474 (Pty) Ltd,2023-06-26,NPC,In Business,Western Cape,"889 Commissioner Street, Johannesburg",1
2017/738121/07,Global Group 303 (Pty) Ltd,2015-05-06,LTD,In Business,Free State,"507 Baker Street, Johannesburg",5
2021/205258/07,United Trading 168 (Pty) Ltd,2017-03-12,LTD,Deregistered,Western Cape,"518 Commissioner Street, Johannesburg",1
2015/367294/07,Premium Services 136 (Pty) Ltd,2019-07-16,LTD,In Business,Gauteng,"685 Commissioner Street, Johannesburg",3
2024/802218/07,African Group 271 (Pty) Ltd,2016-09-28,PTY LTD,In Business,Gauteng,"778 Main Street, Johannesburg",2
2020/809434/08,Global Trading 656 (Pty) Ltd,2021-09-15,LTD,In Business,Gauteng,"966 Main Street, Johannesburg",3
2024/765751/21,United Solutions 934 (Pty) Ltd,2019-03-09,NPC,In Business,Gauteng,"308 Fox Street, Johannesburg",1
2017/679756/08,Prime Technologies 683 (Pty) Ltd,2016-03-25,NPC,Under Judicial Management,Western Cape,"854 Fox Street, Johannesburg",1
2020/418276/08,ABC Solutions 404 (Pty) Ltd,2019-08-04,PTY LTD,Business Rescue,KwaZulu-Natal,"54 Baker Street, Johannesburg",1
2017/920313/21,Apex Trading 550 (Pty) Ltd,2019-07-09,LTD,Deregistered,Eastern Cape,"395 Main Street, Johannesburg",3
2023/958523/08,ABC Technologies 839 (Pty) Ltd,2021-06-09,NPC,Deregistered,Free State,"850 Commissioner Street, Johannesburg",4
2019/316469/07,ABC Technologies 381 (Pty) Ltd,2020-04-10,CC,In Business,KwaZulu-Natal,"470 Commissioner Street, Johannesburg",5
2016/454856/21,Premium Technologies 220 (Pty) Ltd,2017-05-28,PTY LTD,In Business,Gauteng,"681 Main Street, Johannesburg",2
2024/641763/07,African Trading 641 (Pty) Ltd,2021-08-30,PTY LTD,In Business,Western Cape,"490 Fox Street, Johannesburg",1
2020/744367/07,Global Trading 104 (Pty) Ltd,2022-11-30,PTY LTD,In Business,Gauteng,"448 Commissioner Street, Johannesburg",1
2024/294899/08,African Solutions 789 (Pty) Ltd,2021-07-30,LTD,In Business,KwaZulu-Natal,"260 Fox Street, Johannesburg",2
2023/118684/07,African Consulting 79 (Pty) Ltd,2016-12-02,LTD,Deregistered,Gauteng,"433 Baker Street, Johannesburg",2
2022/690638/08,United Holdings 962 (Pty) Ltd,2020-04-27,LTD,In Business,Western Cape,"931 Main Street, Johannesburg",2
2020/839537/07,Prime Group 458 (Pty) Ltd,2016-01-26,CC,Deregistered,Western Cape,"545 Main Street, Johannesburg",5
2022/834949/08,ABC Group 247 (Pty) Ltd,2023-01-11,CC,In Business,KwaZulu-Natal,"681 Commissioner Street, Johannesburg",3
2018/550513/08,Summit Solutions 715 (Pty) Ltd,2022-07-26,CC,Deregistered,KwaZulu-Natal,"174 Main Street, Johannesburg",4
2019/179072/21,ABC Group 232 (Pty) Ltd,2018-04-27,CC,In Business,KwaZulu-Natal,"356 Baker Street, Johannesburg",5
2016/539000/08,United Services 87 (Pty) Ltd,2017-01-12,LTD,In Business,Free State,"190 Main Street, Johannesburg",3
2024/720764/08,United Services 276 (Pty) Ltd,2020-01-04,CC,In Business,Western Cape,"398 Baker Street, Johannesburg",4
2020/751378/08,African Group 601 (Pty) Ltd,2018-04-30,LTD,In Business,Free State,"485 Fox Street, Johannesburg",3
2023/316360/21,Prime Investments 26 (Pty) Ltd,2017-02-07,CC,In Business,Gauteng,"759 Commissioner Street, Johannesburg",4
2018/771777/07,Premium Consulting 56 (Pty) Ltd,2022-04-16,NPC,In Business,KwaZulu-Natal,"774 Commissioner Street, Johannesburg",4
2024/237337/08,Continental Trading 731 (Pty) Ltd,2017-09-21,PTY LTD,In Business,KwaZulu-Natal,"617 Commissioner Street, Johannesburg",5
2015/587835/21,Apex Investments 787 (Pty) Ltd,2020-02-14,LTD,In Business,Western Cape,"8 Commissioner Street, Johannesburg",5
2016/740769/08,Summit Services 242 (Pty) Ltd,2021-06-14,CC,In Business,Gauteng,"304 Commissioner Street, Johannesburg",5
2015/873826/21,Summit Technologies 780 (Pty) Ltd,2017-12-02,LTD,In Business,KwaZulu-Natal,"80 Baker Street, Johannesburg",2
2015/452673/08,Prime Solutions 124 (Pty) Ltd,2017-11-28,PTY LTD,In Business,Eastern Cape,"807 Main Street, Johannesburg",4
2021/211692/21,Continental Trading 311 (Pty) Ltd,2022-01-20,NPC,In Business,Eastern Cape,"31 Fox Street, Johannesburg",4
2023/914405/21,Apex Investments 538 (Pty) Ltd,2021-11-03,PTY LTD,In Business,Western Cape,"326 Main Street, Johannesburg",5
2020/160091/08,ABC Holdings 213 (Pty) Ltd,2017-12-02,PTY LTD,In Business,Eastern Cape,"114 Fox Street, Johannesburg",2
2019/850985/21,Apex Consulting 912 (Pty) Ltd,2019-03-08,CC,In Business,Gauteng,"179 Fox Street, Johannesburg",1
2016/485819/08,United Solutions 589 (Pty) Ltd,2016-04-24,NPC,In Business,Western Cape,"890 Commissioner Street, Johannesburg",4
2016/940215/21,Prime Group 373 (Pty) Ltd,2018-10-23,LTD,In Business,Eastern Cape,"497 Commissioner Street, Johannesburg",4
2016/567624/21,Prime Solutions 683 (Pty) Ltd,2023-05-05,NPC,In Business,Eastern Cape,"98 Commissioner Street, Johannesburg",3
2018/524914/21,Prime Services 828 (Pty) Ltd,2021-12-04,LTD,In Business,KwaZulu-Natal,"673 Commissioner Street, Johannesburg",5
2023/973444/08,Premium Group 471 (Pty) Ltd,2016-02-14,LTD,In Business,KwaZulu-Natal,"595 Fox Street, Johannesburg",1
2016/932221/08,Prime Technologies 72 (Pty) Ltd,2015-11-30,LTD,In Business,Gauteng,"93 Fox Street, Johannesburg",3
2020/836202/08,Global Services 308 (Pty) Ltd,2021-10-12,PTY LTD,In Business,Eastern Cape,"785 Main Street, Johannesburg",4
2019/810828/07,Summit Consulting 577 (Pty) Ltd,2019-06-20,LTD,In Business,Eastern Cape,"275 Baker Street, Johannesburg",4
2018/678574/08,African Solutions 934 (Pty) Ltd,2019-07-14,CC,In Business,KwaZulu-Natal,"728 Fox Street, Johannesburg",5
2024/911141/08,United Group 857 (Pty) Ltd,2021-08-10,CC,In Business,Western Cape,"527 Fox Street, Johannesburg",2
2021/525865/08,Continental Technologies 635 (Pty) Ltd,2019-03-06,NPC,Deregistered,KwaZulu-Natal,"881 Main Street, Johannesburg",4
2020/474675/08,United Consulting 367 (Pty) Ltd,2018-10-02,NPC,In Business,Free State,"719 Fox Street, Johannesburg",1
2021/248440/08,Global Services 49 (Pty) Ltd,2021-01-21,PTY LTD,In Business,Gauteng,"823 Fox Street, Johannesburg",4
2020/357790/21,African Investments 974 (Pty) Ltd,2015-11-12,LTD,In Business,Free State,"616 Commissioner Street, Johannesburg",4
2023/325534/08,Premium Investments 951 (Pty) Ltd,2020-07-05,LTD,In Business,Free State,"976 Baker Street, Johannesburg",1
2024/472871/21,African Solutions 346 (Pty) Ltd,2019-11-24,CC,In Business,Western Cape,"385 Fox Street, Johannesburg",3
2023/722997/21,Apex Holdings 300 (Pty) Ltd,2018-04-08,LTD,In Business,KwaZulu-Natal,"720 Fox Street, Johannesburg",1
2020/650572/07,Summit Services 766 (Pty) Ltd,2023-06-23,PTY LTD,In Business,Western Cape,"491 Fox Street, Johannesburg",3
2017/558757/08,Prime Group 935 (Pty) Ltd,2016-04-26,NPC,In Business,Western Cape,"611 Main Street, Johannesburg",5
2018/237109/21,Prime Consulting 240 (Pty) Ltd,2018-02-26,LTD,In Business,Free State,"85 Commissioner Street, Johannesburg",3
2018/334867/21,ABC Consulting 498 (Pty) Ltd,2015-09-10,NPC,In Business,Eastern Cape,"790 Commissioner Street, Johannesburg",3
2024/720905/21,Prime Services 566 (Pty) Ltd,2015-02-22,CC,In Business,Eastern Cape,"248 Main Street, Johannesburg",2
2024/131259/07,United Group 888 (Pty) Ltd,2022-01-09,PTY LTD,In Business,Western Cape,"206 Fox Street, Johannesburg",2
2015/123165/21,Prime Group 984 (Pty) Ltd,2015-10-11,LTD,In Business,Western Cape,"678 Main Street, Johannesburg",3
2024/373904/21,United Technologies 617 (Pty) Ltd,2017-01-31,LTD,In Business,Gauteng,"323 Baker Street, Johannesburg",3
2022/691645/07,Premium Services 565 (Pty) Ltd,2023-04-22,CC,In Business,KwaZulu-Natal,"271 Main Street, Johannesburg",1
2015/343399/08,United Group 706 (Pty) Ltd,2023-03-11,CC,In Business,Gauteng,"177 Baker Street, Johannesburg",1
2019/768369/08,Summit Services 144 (Pty) Ltd,2015-08-09,CC,In Business,Western Cape,"714 Main Street, Johannesburg",5
2016/977469/21,Global Technologies 920 (Pty) Ltd,2019-05-24,CC,Deregistered,Eastern Cape,"160 Main Street, Johannesburg",5
2019/532867/08,Prime Holdings 61 (Pty) Ltd,2019-03-01,NPC,In Business,Eastern Cape,"563 Main Street, Johannesburg",2
2018/529884/08,Prime Consulting 66 (Pty) Ltd,2017-01-18,CC,In Business,KwaZulu-Natal,"804 Commissioner Street, Johannesburg",5
2023/462642/08,United Investments 298 (Pty) Ltd,2020-12-15,CC,In Business,Eastern Cape,"901 Fox Street, Johannesburg",2
2020/436239/08,Apex Holdings 928 (Pty) Ltd,2020-05-05,NPC,In Business,Eastern Cape,"597 Main Street, Johannesburg",3
2024/179599/08,Premium Technologies 623 (Pty) Ltd,2016-07-18,CC,In Business,Western Cape,"502 Baker Street, Johannesburg",2
2016/697840/21,Continental Holdings 419 (Pty) Ltd,2018-02-03,PTY LTD,In Business,Eastern Cape,"199 Commissioner Street, Johannesburg",2
2019/358872/21,United Holdings 290 (Pty) Ltd,2019-08-18,NPC,In Business,Western Cape,"937 Fox Street, Johannesburg",1
2019/562723/08,Summit Consulting 904 (Pty) Ltd,2020-02-07,LTD,In Business,Free State,"116 Main Street, Johannesburg",2
2017/428356/08,Apex Solutions 820 (Pty) Ltd,2021-07-04,NPC,In Business,Gauteng,"238 Baker Street, Johannesburg",3
2020/678449/08,Apex Trading 827 (Pty) Ltd,2021-03-24,NPC,In Business,KwaZulu-Natal,"382 Baker Street, Johannesburg",2
2016/855957/07,African Trading 895 (Pty) Ltd,2023-10-26,CC,In Business,Eastern Cape,"826 Baker Street, Johannesburg",3
2022/372662/21,Premium Holdings 885 (Pty) Ltd,2015-05-29,PTY LTD,In Business,Eastern Cape,"775 Baker Street, Johannesburg",2
2019/988825/07,United Solutions 957 (Pty) Ltd,2017-05-01,NPC,In Business,Free State,"421 Commissioner Street, Johannesburg",4
2018/694707/07,Continental Consulting 522 (Pty) Ltd,2020-02-10,NPC,In Business,Western Cape,"134 Baker Street, Johannesburg",3
2019/599687/21,ABC Consulting 111 (Pty) Ltd,2015-05-01,LTD,In Business,Eastern Cape,"219 Main Street, Johannesburg",1
2015/502445/07,African Group 858 (Pty) Ltd,2021-10-08,PTY LTD,In Business,Western Cape,"601 Baker Street, Johannesburg",1
2024/636068/07,Continental Holdings 349 (Pty) Ltd,2016-02-26,PTY LTD,In Business,Free State,"72 Fox Street, Johannesburg",1
2021/457510/07,ABC Group 820 (Pty) Ltd,2022-08-19,CC,Deregistered,Eastern Cape,"134 Main Street, Johannesburg",2
2023/532786/08,African Trading 401 (Pty) Ltd,2022-05-04,CC,In Business,Free State,"285 Main Street, Johannesburg",3
2019/203525/08,United Trading 66 (Pty) Ltd,2017-04-27,LTD,In Business,Western Cape,"470 Commissioner Street, Johannesburg",3
2015/400784/07,ABC Consulting 599 (Pty) Ltd,2023-03-21,LTD,In Business,Western Cape,"893 Main Street, Johannesburg",3
2016/564295/08,United Group 71 (Pty) Ltd,2019-01-09,NPC,In Business,Gauteng,"922 Main Street, Johannesburg",3
2015/588881/21,African Services 875 (Pty) Ltd,2023-08-06,CC,In Business,Western Cape,"174 Commissioner Street, Johannesburg",1
2024/440723/08,Continental Investments 377 (Pty) Ltd,2015-02-13,CC,In Business,Eastern Cape,"923 Commissioner Street, Johannesburg",2
2024/556474/07,Premium Group 334 (Pty) Ltd,2023-04-21,PTY LTD,Deregistered,KwaZulu-Natal,"443 Fox Street, Johannesburg",5
2022/559210/07,Premium Group 434 (Pty) Ltd,2021-10-12,PTY LTD,Deregistered,Gauteng,"65 Main Street, Johannesburg",2
2023/755507/08,African Solutions 918 (Pty) Ltd,2020-01-06,LTD,In Business,KwaZulu-Natal,"237 Main Street, Johannesburg",3
2023/778839/08,Global Trading 550 (Pty) Ltd,2015-05-12,LTD,In Business,Eastern Cape,"832 Main Street, Johannesburg",3
2018/559767/08,African Group 904 (Pty) Ltd,2020-07-30,CC,In Business,Eastern Cape,"101 Fox Street, Johannesburg",5
2020/413716/07,African Investments 235 (Pty) Ltd,2022-04-26,NPC,Deregistered,Western Cape,"880 Baker Street, Johannesburg",1
2016/677773/08,Apex Holdings 988 (Pty) Ltd,2023-04-07,NPC,In Business,KwaZulu-Natal,"191 Fox Street, Johannesburg",4
2015/374341/21,Apex Holdings 446 (Pty) Ltd,2022-11-22,CC,In Business,Western Cape,"679 Baker Street, Johannesburg",4
2023/746708/21,Apex Consulting 82 (Pty) Ltd,2023-02-08,LTD,In Business,Western Cape,"589 Baker Street, Johannesburg",3
2015/217637/21,United Consulting 502 (Pty) Ltd,2023-06-27,NPC,In Business,Gauteng,"914 Baker Street, Johannesburg",3
2022/104762/07,Apex Trading 473 (Pty) Ltd,2021-11-10,PTY LTD,In Business,Western Cape,"795 Baker Street, Johannesburg",5
2019/129035/07,Continental Solutions 69 (Pty) Ltd,2016-08-19,PTY LTD,Deregistered,KwaZulu-Natal,"60 Main Street, Johannesburg",1
2019/546774/08,Premium Consulting 194 (Pty) Ltd,2017-08-23,CC,In Business,Free State,"227 Baker Street, Johannesburg",2
2022/255329/08,Global Solutions 724 (Pty) Ltd,2017-09-04,CC,In Business,KwaZulu-Natal,"783 Baker Street, Johannesburg",4
2023/894885/07,Premium Solutions 515 (Pty) Ltd,2017-12-17,CC,In Business,Free State,"263 Main Street, Johannesburg",1
2020/482343/07,United Holdings 216 (Pty) Ltd,2015-10-12,LTD,Deregistered,Gauteng,"567 Fox Street, Johannesburg",4
2019/330981/21,Apex Consulting 24 (Pty) Ltd,2023-05-23,NPC,In Business,KwaZulu-Natal,"985 Baker Street, Johannesburg",2
2021/891670/07,ABC Trading 875 (Pty) Ltd,2023-11-20,PTY LTD,In Business,Eastern Cape,"811 Fox Street, Johannesburg",4
2015/133358/21,Apex Investments 828 (Pty) Ltd,2016-03-17,LTD,Business Rescue,Eastern Cape,"546 Commissioner Street, Johannesburg",5
2020/939849/08,Premium Technologies 732 (Pty) Ltd,2019-07-28,CC,In Business,Gauteng,"334 Main Street, Johannesburg",3
2022/623149/21,Apex Services 16 (Pty) Ltd,2019-09-15,CC,In Business,KwaZulu-Natal,"564 Main Street, Johannesburg",3
2024/444907/07,African Services 209 (Pty) Ltd,2015-07-17,LTD,In Business,Free State,"557 Main Street, Johannesburg",3
2015/824207/08,Premium Investments 336 (Pty) Ltd,2022-07-30,NPC,In Business,KwaZulu-Natal,"187 Fox Street, Johannesburg",4
2023/393118/08,Summit Services 663 (Pty) Ltd,2017-11-17,LTD,In Business,Gauteng,"408 Fox Street, Johannesburg",4
2020/405898/21,Summit Services 525 (Pty) Ltd,2015-08-25,CC,In Business,Western Cape,"694 Main Street, Johannesburg",3
2020/811658/08,ABC Group 781 (Pty) Ltd,2023-05-14,CC,In Business,Eastern Cape,"789 Baker Street, Johannesburg",1
2023/968135/21,ABC Holdings 357 (Pty) Ltd,2019-02-09,NPC,In Business,Eastern Cape,"567 Main Street, Johannesburg",5
2021/635503/08,Summit Consulting 608 (Pty) Ltd,2017-07-18,LTD,In Business,Gauteng,"602 Baker Street, Johannesburg",1
2020/470801/08,Global Solutions 853 (Pty) Ltd,2016-04-10,LTD,In Business,Gauteng,"767 Baker Street, Johannesburg",1
2017/527060/21,Summit Holdings 8 (Pty) Ltd,2017-12-12,PTY LTD,In Business,Gauteng,"169 Baker Street, Johannesburg",5
2017/273241/08,ABC Consulting 282 (Pty) Ltd,2020-06-30,CC,In Business,Gauteng,"929 Main Street, Johannesburg",3
2017/175623/07,Prime Technologies 254 (Pty) Ltd,2017-11-14,CC,In Business,Eastern Cape,"257 Commissioner Street, Johannesburg",3
2021/335641/08,African Services 868 (Pty) Ltd,2015-07-24,LTD,In Business,Gauteng,"295 Main Street, Johannesburg",3
2022/711439/21,ABC Investments 866 (Pty) Ltd,2020-01-22,LTD,In Business,Gauteng,"266 Main Street, Johannesburg",1
2017/580177/07,Premium Trading 232 (Pty) Ltd,2023-02-20,PTY LTD,In Business,Free State,"339 Fox Street, Johannesburg",2
2023/251544/21,Global Group 444 (Pty) Ltd,2017-07-24,CC,In Business,KwaZulu-Natal,"939 Baker Street, Johannesburg",4
2018/388805/21,United Group 410 (Pty) Ltd,2016-10-05,PTY LTD,In Business,Free State,"778 Fox Street, Johannesburg",4
2016/544251/08,Summit Technologies 341 (Pty) Ltd,2022-08-22,LTD,In Business,KwaZulu-Natal,"255 Commissioner Street, Johannesburg",3
2017/306930/21,United Trading 79 (Pty) Ltd,2015-12-20,NPC,In Business,Gauteng,"881 Main Street, Johannesburg",1
2024/668572/07,United Solutions 667 (Pty) Ltd,2022-02-20,LTD,In Business,KwaZulu-Natal,"495 Fox Street, Johannesburg",4
2015/415380/08,ABC Services 934 (Pty) Ltd,2019-02-01,LTD,In Business,KwaZulu-Natal,"616 Baker Street, Johannesburg",5
2022/118958/08,United Consulting 168 (Pty) Ltd,2015-08-16,PTY LTD,In Business,KwaZulu-Natal,"974 Main Street, Johannesburg",3
2016/397218/08,Continental Solutions 88 (Pty) Ltd,2018-10-17,NPC,In Business,Eastern Cape,"30 Baker Street, Johannesburg",4
2024/145196/07,Summit Technologies 483 (Pty) Ltd,2015-05-13,LTD,In Business,Gauteng,"339 Main Street, Johannesburg",3
2022/336268/08,Apex Services 158 (Pty) Ltd,2015-03-14,CC,Deregistered,Gauteng,"357 Commissioner Street, Johannesburg",4
2015/763515/21,Apex Investments 165 (Pty) Ltd,2015-07-18,PTY LTD,In Business,Free State,"107 Baker Street, Johannesburg",5
2022/688406/07,Premium Services 698 (Pty) Ltd,2017-02-12,NPC,In Business,Eastern Cape,"19 Fox Street, Johannesburg",5
2024/566091/08,Apex Solutions 72 (Pty) Ltd,2020-09-15,NPC,In Business,Western Cape,"748 Baker Street, Johannesburg",4
2017/887889/21,ABC Consulting 785 (Pty) Ltd,2020-11-20,LTD,In Business,Western Cape,"973 Fox Street, Johannesburg",2
2023/392484/07,Prime Consulting 50 (Pty) Ltd,2019-01-21,NPC,In Business,Western Cape,"816 Baker Street, Johannesburg",3
2018/559520/21,Premium Trading 548 (Pty) Ltd,2016-11-27,PTY LTD,In Business,Gauteng,"347 Main Street, Johannesburg",1
2021/549965/07,Prime Services 440 (Pty) Ltd,2023-05-29,PTY LTD,In Business,Free State,"412 Fox Street, Johannesburg",3
2019/461189/21,United Holdings 461 (Pty) Ltd,2017-10-19,CC,Deregistered,Gauteng,"594 Main Street, Johannesburg",2
2023/429248/08,Summit Technologies 389 (Pty) Ltd,2016-11-27,CC,In Business,KwaZulu-Natal,"467 Fox Street, Johannesburg",2
2022/941222/21,African Investments 970 (Pty) Ltd,2022-12-16,PTY LTD,In Business,Eastern Cape,"213 Main Street, Johannesburg",2
2016/867721/08,Summit Services 329 (Pty) Ltd,2023-12-06,PTY LTD,In Business,Western Cape,"423 Fox Street, Johannesburg",2
2021/269602/08,African Solutions 621 (Pty) Ltd,2019-10-01,LTD,Deregistered,Free State,"58 Main Street, Johannesburg",3
2018/514032/07,Prime Holdings 192 (Pty) Ltd,2016-07-08,PTY LTD,Deregistered,KwaZulu-Natal,"933 Baker Street, Johannesburg",5
2016/716226/21,Summit Group 689 (Pty) Ltd,2018-05-18,CC,In Business,Gauteng,"9 Commissioner Street, Johannesburg",2
2017/967562/07,Summit Technologies 526 (Pty) Ltd,2020-12-07,LTD,In Business,Free State,"730 Baker Street, Johannesburg",5
2023/746640/21,United Holdings 127 (Pty) Ltd,2019-04-08,PTY LTD,In Business,Western Cape,"981 Fox Street, Johannesburg",2
2016/765932/07,African Consulting 989 (Pty) Ltd,2018-12-17,PTY LTD,In Business,Eastern Cape,"297 Main Street, Johannesburg",4
2019/878513/08,Global Group 981 (Pty) Ltd,2021-11-14,LTD,Deregistered,Free State,"950 Fox Street, Johannesburg",4
2016/701527/08,ABC Solutions 642 (Pty) Ltd,2023-10-13,PTY LTD,In Business,KwaZulu-Natal,"488 Baker Street, Johannesburg",1
2024/134598/07,Global Group 363 (Pty) Ltd,2019-03-19,NPC,In Business,Free State,"622 Fox Street, Johannesburg",1
2021/751876/07,ABC Trading 497 (Pty) Ltd,2021-06-03,CC,In Business,Free State,"827 Main Street, Johannesburg",4
2020/677658/07,Premium Consulting 78 (Pty) Ltd,2021-05-27,PTY LTD,In Business,KwaZulu-Natal,"456 Fox Street, Johannesburg",4
2015/470656/08,United Services 634 (Pty) Ltd,2019-07-19,PTY LTD,In Business,KwaZulu-Natal,"89 Fox Street, Johannesburg",1
2023/265577/08,Premium Group 791 (Pty) Ltd,2018-03-29,CC,In Business,Gauteng,"176 Main Street, Johannesburg",4
2020/579113/21,Continental Trading 235 (Pty) Ltd,2018-08-28,NPC,In Business,KwaZulu-Natal,"547 Baker Street, Johannesburg",4
2018/386848/08,African Investments 535 (Pty) Ltd,2017-12-27,CC,In Business,Free State,"83 Commissioner Street, Johannesburg",5
2018/263561/21,ABC Investments 975 (Pty) Ltd,2021-01-24,PTY LTD,In Business,Western Cape,"442 Baker Street, Johannesburg",1
2022/580101/21,United Holdings 121 (Pty) Ltd,2020-12-08,LTD,In Business,Free State,"700 Baker Street, Johannesburg",5
2016/531825/21,Summit Investments 989 (Pty) Ltd,2022-11-30,NPC,In Business,Western Cape,"550 Commissioner Street, Johannesburg",1
2022/442087/07,United Services 634 (Pty) Ltd,2021-01-02,PTY LTD,In Business,Gauteng,"727 Main Street, Johannesburg",5
2016/963829/21,ABC Services 433 (Pty) Ltd,2017-03-17,PTY LTD,In Business,KwaZulu-Natal,"895 Fox Street, Johannesburg",2
2024/131382/08,ABC Solutions 585 (Pty) Ltd,2022-02-03,LTD,In Business,Free State,"950 Commissioner Street, Johannesburg",4
2020/308746/08,Prime Technologies 378 (Pty) Ltd,2023-10-04,LTD,In Business,Western Cape,"269 Commissioner Street, Johannesburg",4
2024/755881/21,ABC Group 307 (Pty) Ltd,2021-06-17,NPC,Under Judicial Management,Free State,"261 Fox Street, Johannesburg",2
2015/973216/21,Summit Consulting 102 (Pty) Ltd,2023-06-15,LTD,Deregistered,Gauteng,"840 Commissioner Street, Johannesburg",2
2022/967455/08,Summit Investments 800 (Pty) Ltd,2016-12-04,PTY LTD,In Business,Gauteng,"437 Fox Street, Johannesburg",2
2017/269414/07,Continental Technologies 751 (Pty) Ltd,2021-12-31,LTD,In Business,Gauteng,"369 Commissioner Street, Johannesburg",2
2021/847899/07,Continental Holdings 910 (Pty) Ltd,2020-11-30,LTD,In Business,Gauteng,"695 Baker Street, Johannesburg",4
2016/533201/07,Global Holdings 391 (Pty) Ltd,2021-04-18,CC,In Business,Free State,"711 Main Street, Johannesburg",1
2023/801909/21,United Services 372 (Pty) Ltd,2018-03-16,NPC,In Business,Gauteng,"129 Commissioner Street, Johannesburg",2
2016/333754/21,United Group 340 (Pty) Ltd,2021-11-29,LTD,In Business,KwaZulu-Natal,"896 Commissioner Street, Johannesburg",5
2016/411863/21,ABC Trading 128 (Pty) Ltd,2022-10-22,PTY LTD,In Business,Eastern Cape,"771 Fox Street, Johannesburg",2
2024/265736/08,ABC Investments 966 (Pty) Ltd,2017-02-03,LTD,Deregistered,Eastern Cape,"130 Main Street, Johannesburg",1
2024/484187/21,United Investments 501 (Pty) Ltd,2019-10-07,PTY LTD,In Business,Western Cape,"781 Main Street, Johannesburg",3
2017/206761/07,United Consulting 131 (Pty) Ltd,2015-02-19,LTD,Deregistered,KwaZulu-Natal,"300 Commissioner Street, Johannesburg",3
2021/524348/08,Global Solutions 375 (Pty) Ltd,2017-10-18,CC,In Business,Free State,"538 Commissioner Street, Johannesburg",5
2021/755731/21,Global Technologies 745 (Pty) Ltd,2017-03-27,NPC,In Business,Gauteng,"827 Fox Street, Johannesburg",4
2021/911291/07,Apex Holdings 886 (Pty) Ltd,2018-11-23,CC,In Business,KwaZulu-Natal,"34 Fox Street, Johannesburg",3
2017/933617/21,Apex Trading 226 (Pty) Ltd,2019-07-11,CC,In Business,Western Cape,"77 Baker Street, Johannesburg",1
2017/446302/08,United Trading 912 (Pty) Ltd,2017-08-17,PTY LTD,In Business,KwaZulu-Natal,"919 Main Street, Johannesburg",2
2022/332959/07,Premium Holdings 567 (Pty) Ltd,2021-10-09,LTD,In Business,Eastern Cape,"912 Fox Street, Johannesburg",1
2023/946265/08,Continental Group 656 (Pty) Ltd,2020-12-20,CC,In Business,Gauteng,"882 Fox Street, Johannesburg",5
2023/161381/08,Apex Technologies 879 (Pty) Ltd,2018-10-16,LTD,In Business,Gauteng,"838 Commissioner Street, Johannesburg",4
2019/731708/08,African Trading 714 (Pty) Ltd,2015-12-31,NPC,In Business,Eastern Cape,"729 Fox Street, Johannesburg",5
2024/313051/07,United Investments 466 (Pty) Ltd,2022-12-14,NPC,In Business,Free State,"297 Fox Street, Johannesburg",5
2021/622774/07,Apex Consulting 529 (Pty) Ltd,2021-05-08,PTY LTD,In Business,Western Cape,"544 Baker Street, Johannesburg",5
2015/511589/07,African Solutions 641 (Pty) Ltd,2023-05-31,CC,In Business,Free State,"962 Commissioner Street, Johannesburg",5
2015/834846/21,Global Consulting 545 (Pty) Ltd,2021-01-20,PTY LTD,Deregistered,Free State,"774 Baker Street, Johannesburg",1
2023/652908/08,United Holdings 718 (Pty) Ltd,2017-10-14,PTY LTD,In Business,Gauteng,"573 Baker Street, Johannesburg",2
2017/272786/08,Global Consulting 586 (Pty) Ltd,2015-12-27,CC,In Business,Eastern Cape,"263 Fox Street, Johannesburg",3
2022/737131/07,Summit Solutions 548 (Pty) Ltd,2018-06-19,PTY LTD,In Business,KwaZulu-Natal,"332 Fox Street, Johannesburg",4
2018/525557/08,Apex Technologies 712 (Pty) Ltd,2018-01-29,LTD,In Business,Free State,"114 Main Street, Johannesburg",5
2015/117260/08,Premium Technologies 992 (Pty) Ltd,2023-04-11,NPC,In Business,Gauteng,"800 Fox Street, Johannesburg",5
2015/984878/07,United Technologies 513 (Pty) Ltd,2023-05-12,PTY LTD,In Business,Western Cape,"479 Baker Street, Johannesburg",5
2016/440073/07,ABC Consulting 834 (Pty) Ltd,2023-10-20,NPC,In Business,Western Cape,"106 Main Street, Johannesburg",3
2019/511843/07,Summit Solutions 694 (Pty) Ltd,2019-05-25,CC,In Business,Western Cape,"614 Main Street, Johannesburg",1
2021/959700/07,Summit Investments 317 (Pty) Ltd,2023-09-14,CC,In Business,Free State,"399 Main Street, Johannesburg",1
2017/113125/08,African Consulting 766 (Pty) Ltd,2022-10-11,CC,In Business,KwaZulu-Natal,"261 Commissioner Street, Johannesburg",2
2017/343006/08,African Holdings 980 (Pty) Ltd,2017-06-09,CC,In Business,KwaZulu-Natal,"188 Main Street, Johannesburg",4
2019/194302/21,Continental Consulting 282 (Pty) Ltd,2022-01-07,PTY LTD,Deregistered,Gauteng,"884 Commissioner Street, Johannesburg",5
2021/624637/08,Continental Trading 530 (Pty) Ltd,2019-04-11,PTY LTD,In Business,Eastern Cape,"81 Fox Street, Johannesburg",4
2015/892275/21,Apex Services 679 (Pty) Ltd,2017-11-09,LTD,Deregistered,KwaZulu-Natal,"337 Fox Street, Johannesburg",3
2021/737105/07,Summit Consulting 938 (Pty) Ltd,2017-10-16,NPC,In Business,Free State,"804 Main Street, Johannesburg",5
2023/471098/21,Summit Solutions 316 (Pty) Ltd,2018-08-25,LTD,In Business,Free State,"69 Baker Street, Johannesburg",2
2018/166259/08,Premium Group 353 (Pty) Ltd,2017-06-26,NPC,In Business,Gauteng,"570 Fox Street, Johannesburg",5
2015/171356/07,Summit Services 334 (Pty) Ltd,2016-06-30,LTD,In Business,KwaZulu-Natal,"503 Commissioner Street, Johannesburg",3
2018/852712/21,ABC Consulting 829 (Pty) Ltd,2020-02-18,NPC,In Business,Free State,"929 Main Street, Johannesburg",1
2016/753341/21,Prime Technologies 730 (Pty) Ltd,2016-03-16,LTD,In Business,Free State,"340 Baker Street, Johannesburg",4
2020/858270/21,Continental Consulting 631 (Pty) Ltd,2019-04-15,PTY LTD,In Business,Western Cape,"467 Commissioner Street, Johannesburg",1
2020/403642/08,Prime Group 282 (Pty) Ltd,2017-04-10,CC,In Business,KwaZulu-Natal,"384 Fox Street, Johannesburg",1
2016/222319/08,Prime Services 761 (Pty) Ltd,2021-05-11,CC,In Business,KwaZulu-Natal,"920 Commissioner Street, Johannesburg",2
2022/776135/21,Summit Holdings 396 (Pty) Ltd,2018-05-17,LTD,In Business,KwaZulu-Natal,"716 Main Street, Johannesburg",2
2017/249869/07,Summit Trading 684 (Pty) Ltd,2021-02-20,CC,In Business,Free State,"643 Baker Street, Johannesburg",1
2017/576443/08,Global Investments 371 (Pty) Ltd,2023-04-20,CC,In Business,Free State,"643 Baker Street, Johannesburg",5
2019/317566/07,Apex Investments 313 (Pty) Ltd,2016-01-20,NPC,In Business,Free State,"626 Fox Street, Johannesburg",4
2018/200181/08,Global Investments 491 (Pty) Ltd,2019-06-01,LTD,In Business,Western Cape,"87 Baker Street, Johannesburg",4
2021/744823/08,Summit Solutions 95 (Pty) Ltd,2017-03-06,PTY LTD,Under Judicial Management,Gauteng,"61 Commissioner Street, Johannesburg",4
2024/449734/21,ABC Group 136 (Pty) Ltd,2021-08-10,CC,In Business,KwaZulu-Natal,"54 Main Street, Johannesburg",1
2015/405698/21,Global Technologies 886 (Pty) Ltd,2022-09-07,PTY LTD,Under Judicial Management,KwaZulu-Natal,"980 Fox Street, Johannesburg",4
2021/719197/07,Continental Trading 745 (Pty) Ltd,2017-12-15,LTD,In Business,Free State,"150 Main Street, Johannesburg",5
2024/234857/07,Premium Trading 504 (Pty) Ltd,2021-10-16,CC,In Business,Western Cape,"304 Fox Street, Johannesburg",4
2016/694511/07,Global Holdings 852 (Pty) Ltd,2018-05-08,CC,In Business,Gauteng,"99 Commissioner Street, Johannesburg",5
2019/101941/07,Prime Solutions 766 (Pty) Ltd,2017-02-03,LTD,In Business,Free State,"750 Fox Street, Johannesburg",1
2022/182052/21,Continental Technologies 22 (Pty) Ltd,2019-04-18,NPC,In Business,Western Cape,"281 Commissioner Street, Johannesburg",2
2019/152798/21,African Holdings 212 (Pty) Ltd,2019-01-10,NPC,Deregistered,Free State,"315 Main Street, Johannesburg",1
2016/632387/07,African Consulting 968 (Pty) Ltd,2022-04-28,NPC,In Business,Free State,"182 Commissioner Street, Johannesburg",1
2019/575499/21,United Services 662 (Pty) Ltd,2015-08-22,NPC,Deregistered,KwaZulu-Natal,"886 Baker Street, Johannesburg",1
2020/614064/07,Global Group 882 (Pty) Ltd,2015-12-25,NPC,In Business,Gauteng,"458 Fox Street, Johannesburg",4
2024/554238/21,United Technologies 172 (Pty) Ltd,2019-02-21,LTD,Business Rescue,KwaZulu-Natal,"237 Commissioner Street, Johannesburg",4
2015/828588/21,Summit Services 344 (Pty) Ltd,2017-07-22,CC,In Business,Gauteng,"461 Commissioner Street, Johannesburg",3
2024/934954/08,Premium Technologies 865 (Pty) Ltd,2017-09-02,NPC,In Business,Eastern Cape,"189 Commissioner Street, Johannesburg",4
2022/284155/21,Prime Group 793 (Pty) Ltd,2017-09-21,NPC,In Business,Western Cape,"884 Baker Street, Johannesburg",5
2018/652097/07,United Trading 141 (Pty) Ltd,2022-02-21,NPC,In Business,Free State,"920 Commissioner Street, Johannesburg",2
2018/170163/08,African Consulting 241 (Pty) Ltd,2022-11-27,NPC,In Business,KwaZulu-Natal,"580 Main Street, Johannesburg",5
2022/339618/07,Global Solutions 635 (Pty) Ltd,2022-03-06,PTY LTD,In Business,Free State,"189 Commissioner Street, Johannesburg",4
2020/760823/08,Continental Services 703 (Pty) Ltd,2017-05-04,NPC,Deregistered,Gauteng,"343 Baker Street, Johannesburg",2
2016/679158/07,Continental Consulting 617 (Pty) Ltd,2022-03-06,PTY LTD,Deregistered,Gauteng,"132 Baker Street, Johannesburg",5
2019/232212/08,Continental Group 374 (Pty) Ltd,2019-11-30,NPC,Under Judicial Management,KwaZulu-Natal,"557 Fox Street, Johannesburg",4
2021/769347/08,ABC Group 602 (Pty) Ltd,2022-05-04,LTD,Under Judicial Management,KwaZulu-Natal,"456 Main Street, Johannesburg",3
2024/170218/07,ABC Technologies 706 (Pty) Ltd,2017-06-08,PTY LTD,In Business,Western Cape,"126 Baker Street, Johannesburg",1
2019/432687/21,Global Group 260 (Pty) Ltd,2020-08-20,CC,In Business,KwaZulu-Natal,"126 Fox Street, Johannesburg",3
2017/771906/08,Premium Consulting 790 (Pty) Ltd,2017-08-31,CC,In Business,Free State,"563 Commissioner Street, Johannesburg",2
2020/521539/07,United Services 713 (Pty) Ltd,2019-07-01,LTD,In Business,Eastern Cape,"371 Fox Street, Johannesburg",5
2019/797896/21,African Services 371 (Pty) Ltd,2018-06-01,LTD,In Business,KwaZulu-Natal,"553 Commissioner Street, Johannesburg",2
2020/132622/07,Premium Consulting 889 (Pty) Ltd,2022-11-25,NPC,Under Judicial Management,Free State,"631 Baker Street, Johannesburg",2
2016/823528/21,Premium Technologies 71 (Pty) Ltd,2016-01-21,PTY LTD,In Business,Eastern Cape,"719 Main Street, Johannesburg",1
2021/421398/21,African Solutions 30 (Pty) Ltd,2015-03-16,PTY LTD,In Business,Free State,"349 Main Street, Johannesburg",4
2023/944566/07,Premium Trading 628 (Pty) Ltd,2022-05-27,PTY LTD,In Business,Western Cape,"235 Fox Street, Johannesburg",1
2018/211226/21,African Consulting 526 (Pty) Ltd,2017-05-28,NPC,In Business,KwaZulu-Natal,"491 Commissioner Street, Johannesburg",2
2015/809851/07,Continental Trading 434 (Pty) Ltd,2017-02-26,NPC,In Business,Gauteng,"760 Main Street, Johannesburg",3
2024/114667/08,Continental Trading 410 (Pty) Ltd,2016-01-26,CC,Deregistered,Western Cape,"592 Fox Street, Johannesburg",3
2023/619256/07,Premium Consulting 62 (Pty) Ltd,2017-04-17,NPC,In Business,Western Cape,"945 Baker Street, Johannesburg",1
2017/293814/21,Global Solutions 479 (Pty) Ltd,2023-12-03,NPC,In Business,KwaZulu-Natal,"525 Baker Street, Johannesburg",5
2015/229554/21,Global Investments 924 (Pty) Ltd,2020-02-10,PTY LTD,In Business,Free State,"416 Commissioner Street, Johannesburg",1
2019/354610/07,ABC Trading 146 (Pty) Ltd,2016-04-16,NPC,Deregistered,Western Cape,"811 Baker Street, Johannesburg",2
2023/490836/21,Summit Trading 150 (Pty) Ltd,2017-07-30,LTD,In Business,Eastern Cape,"23 Baker Street, Johannesburg",5
2020/122747/08,Prime Solutions 421 (Pty) Ltd,2022-12-11,CC,In Business,Eastern Cape,"405 Main Street, Johannesburg",4
2023/935963/07,Premium Solutions 483 (Pty) Ltd,2015-05-16,CC,In Business,Western Cape,"442 Fox Street, Johannesburg",5
2017/627150/08,Prime Consulting 994 (Pty) Ltd,2019-04-07,PTY LTD,In Business,Free State,"619 Main Street, Johannesburg",4
2021/154473/07,African Holdings 954 (Pty) Ltd,2017-08-07,NPC,In Business,KwaZulu-Natal,"709 Commissioner Street, Johannesburg",5
2019/742887/21,Apex Consulting 346 (Pty) Ltd,2017-12-05,LTD,In Business,Eastern Cape,"353 Commissioner Street, Johannesburg",3
2019/245036/07,Prime Investments 783 (Pty) Ltd,2020-05-01,PTY LTD,In Business,Gauteng,"214 Main Street, Johannesburg",4
2023/622404/08,Global Group 451 (Pty) Ltd,2023-05-25,PTY LTD,In Business,Free State,"805 Baker Street, Johannesburg",2
2016/687813/07,Global Services 894 (Pty) Ltd,2023-10-10,LTD,In Business,Western Cape,"920 Main Street, Johannesburg",1
2021/884040/08,Apex Investments 987 (Pty) Ltd,2016-06-30,CC,In Business,KwaZulu-Natal,"231 Main Street, Johannesburg",4
2023/527768/21,Premium Group 496 (Pty) Ltd,2018-07-03,CC,Under Judicial Management,Gauteng,"130 Baker Street, Johannesburg",1
2023/614712/08,Summit Trading 203 (Pty) Ltd,2023-10-16,CC,Under Judicial Management,Gauteng,"909 Commissioner Street, Johannesburg",2
2015/975545/08,Continental Group 893 (Pty) Ltd,2017-11-26,LTD,In Business,KwaZulu-Natal,"386 Fox Street, Johannesburg",1
2017/543932/08,United Technologies 51 (Pty) Ltd,2021-05-22,LTD,In Business,Free State,"335 Fox Street, Johannesburg",1
2024/600852/21,Summit Technologies 431 (Pty) Ltd,2020-10-28,NPC,Deregistered,Western Cape,"331 Fox Street, Johannesburg",2
2024/734498/08,Premium Consulting 327 (Pty) Ltd,2023-03-29,NPC,Deregistered,Free State,"381 Fox Street, Johannesburg",4
2023/705797/21,Continental Technologies 796 (Pty) Ltd,2018-03-04,LTD,In Business,KwaZulu-Natal,"607 Baker Street, Johannesburg",4
2016/840182/07,Prime Group 951 (Pty) Ltd,2020-03-16,PTY LTD,In Business,Eastern Cape,"422 Commissioner Street, Johannesburg",3
2019/103309/08,Apex Technologies 37 (Pty) Ltd,2016-07-12,NPC,Under Judicial Management,Gauteng,"419 Fox Street, Johannesburg",4
2023/179481/08,Apex Trading 148 (Pty) Ltd,2016-10-06,PTY LTD,In Business,Free State,"661 Main Street, Johannesburg",1
2019/173533/07,Apex Technologies 414 (Pty) Ltd,2022-01-09,LTD,In Business,Free State,"958 Fox Street, Johannesburg",2
2016/704212/21,ABC Holdings 201 (Pty) Ltd,2015-01-07,CC,In Business,Gauteng,"805 Commissioner Street, Johannesburg",4
2022/632733/07,Continental Solutions 351 (Pty) Ltd,2018-11-17,PTY LTD,In Business,Eastern Cape,"944 Main Street, Johannesburg",2
2024/760272/08,Global Solutions 179 (Pty) Ltd,2019-11-12,PTY LTD,In Business,Western Cape,"736 Baker Street, Johannesburg",1
2021/729312/07,Prime Technologies 698 (Pty) Ltd,2020-04-27,NPC,In Business,Gauteng,"723 Baker Street, Johannesburg",5
2018/186911/08,Apex Investments 817 (Pty) Ltd,2022-02-15,NPC,In Business,Free State,"929 Fox Street, Johannesburg",5
2022/159360/07,African Trading 729 (Pty) Ltd,2023-02-08,LTD,In Business,Free State,"976 Fox Street, Johannesburg",4
2017/439192/08,Summit Group 863 (Pty) Ltd,2023-07-02,LTD,In Business,Eastern Cape,"802 Main Street, Johannesburg",3
2015/321218/08,Prime Technologies 982 (Pty) Ltd,2017-08-20,LTD,In Business,KwaZulu-Natal,"278 Fox Street, Johannesburg",2
2018/217652/07,Apex Investments 905 (Pty) Ltd,2020-12-09,LTD,In Business,Free State,"944 Baker Street, Johannesburg",2
2024/536315/08,ABC Solutions 897 (Pty) Ltd,2020-08-15,PTY LTD,In Business,KwaZulu-Natal,"12 Baker Street, Johannesburg",4
2017/742340/21,ABC Solutions 268 (Pty) Ltd,2021-11-23,NPC,Deregistered,Free State,"245 Main Street, Johannesburg",5
2016/806083/07,Premium Technologies 630 (Pty) Ltd,2017-03-17,LTD,In Business,Western Cape,"40 Main Street, Johannesburg",4
2024/446060/07,Continental Trading 588 (Pty) Ltd,2016-12-23,LTD,In Business,KwaZulu-Natal,"160 Commissioner Street, Johannesburg",4
2017/326861/21,Continental Group 959 (Pty) Ltd,2021-03-20,CC,In Business,Gauteng,"188 Commissioner Street, Johannesburg",5
2016/997388/21,United Investments 837 (Pty) Ltd,2019-02-14,NPC,In Business,KwaZulu-Natal,"364 Main Street, Johannesburg",1
2016/629695/08,Summit Investments 987 (Pty) Ltd,2020-08-16,CC,In Business,Gauteng,"992 Baker Street, Johannesburg",4
2019/583293/07,United Holdings 711 (Pty) Ltd,2023-02-09,CC,In Business,KwaZulu-Natal,"762 Commissioner Street, Johannesburg",5
2017/923580/21,African Consulting 152 (Pty) Ltd,2015-04-17,CC,In Business,Gauteng,"170 Main Street, Johannesburg",1
2024/652863/21,United Group 709 (Pty) Ltd,2018-01-12,CC,Business Rescue,Gauteng,"969 Commissioner Street, Johannesburg",2
2017/453105/07,Continental Trading 402 (Pty) Ltd,2018-09-23,CC,In Business,KwaZulu-Natal,"492 Commissioner Street, Johannesburg",3
2021/898957/07,African Solutions 107 (Pty) Ltd,2015-08-21,LTD,In Business,Gauteng,"882 Baker Street, Johannesburg",5
2024/736277/21,Continental Solutions 649 (Pty) Ltd,2018-06-19,PTY LTD,In Business,KwaZulu-Natal,"919 Fox Street, Johannesburg",4
2021/690942/07,ABC Technologies 873 (Pty) Ltd,2015-12-06,CC,In Business,KwaZulu-Natal,"518 Commissioner Street, Johannesburg",5
2023/525128/08,United Services 154 (Pty) Ltd,2022-06-15,CC,In Business,Free State,"996 Fox Street, Johannesburg",2
2022/964964/21,Continental Solutions 284 (Pty) Ltd,2022-12-20,LTD,In Business,KwaZulu-Natal,"386 Fox Street, Johannesburg",2
2019/548231/07,African Services 142 (Pty) Ltd,2020-06-10,PTY LTD,Deregistered,Eastern Cape,"812 Baker Street, Johannesburg",4
2015/533665/21,Premium Technologies 149 (Pty) Ltd,2019-05-12,LTD,In Business,Gauteng,"688 Baker Street, Johannesburg",4
2022/581391/21,Apex Technologies 104 (Pty) Ltd,2022-08-03,NPC,In Business,Free State,"602 Commissioner Street, Johannesburg",4
2017/447656/08,ABC Solutions 453 (Pty) Ltd,2021-07-24,PTY LTD,In Business,KwaZulu-Natal,"319 Baker Street, Johannesburg",1
2020/673903/21,Apex Group 227 (Pty) Ltd,2017-09-27,LTD,In Business,Eastern Cape,"735 Baker Street, Johannesburg",4
2019/106996/08,United Services 740 (Pty) Ltd,2018-02-09,PTY LTD,In Business,Gauteng,"265 Commissioner Street, Johannesburg",1
2021/238580/07,Prime Group 498 (Pty) Ltd,2017-12-13,PTY LTD,In Business,Gauteng,"9 Fox Street, Johannesburg",4
2024/901190/07,African Trading 949 (Pty) Ltd,2020-11-04,CC,In Business,Eastern Cape,"83 Fox Street, Johannesburg",3
2023/514872/21,Apex Technologies 163 (Pty) Ltd,2018-01-12,LTD,In Business,Gauteng,"633 Main Street, Johannesburg",3
2020/925771/08,Continental Solutions 427 (Pty) Ltd,2017-09-02,LTD,In Business,Gauteng,"598 Baker Street, Johannesburg",5
2020/392788/21,United Group 699 (Pty) Ltd,2017-07-25,LTD,In Business,KwaZulu-Natal,"132 Commissioner Street, Johannesburg",4
2020/797509/07,African Holdings 67 (Pty) Ltd,2019-07-03,CC,In Business,Gauteng,"257 Baker Street, Johannesburg",4
2020/972911/21,United Holdings 70 (Pty) Ltd,2021-10-19,NPC,Deregistered,Free State,"716 Fox Street, Johannesburg",5
2017/769398/07,Continental Trading 604 (Pty) Ltd,2015-06-16,CC,In Business,Gauteng,"177 Baker Street, Johannesburg",1
2023/945895/08,United Consulting 465 (Pty) Ltd,2019-05-01,CC,In Business,KwaZulu-Natal,"89 Baker Street, Johannesburg",4
2021/860244/07,Summit Trading 35 (Pty) Ltd,2021-06-25,CC,In Business,Western Cape,"839 Fox Street, Johannesburg",4
2023/653488/07,Prime Trading 184 (Pty) Ltd,2015-10-06,LTD,In Business,KwaZulu-Natal,"288 Baker Street, Johannesburg",3
2023/644442/21,Premium Technologies 387 (Pty) Ltd,2022-04-27,CC,In Business,Western Cape,"416 Commissioner Street, Johannesburg",4
2022/750614/08,Summit Group 88 (Pty) Ltd,2017-12-29,LTD,In Business,Eastern Cape,"364 Baker Street, Johannesburg",4
2016/757879/21,Summit Consulting 683 (Pty) Ltd,2021-11-03,PTY LTD,In Business,KwaZulu-Natal,"531 Fox Street, Johannesburg",4
2022/297046/21,Continental Investments 827 (Pty) Ltd,2016-01-25,CC,In Business,KwaZulu-Natal,"766 Commissioner Street, Johannesburg",2
2016/521187/07,African Holdings 281 (Pty) Ltd,2017-08-03,LTD,In Business,Gauteng,"529 Baker Street, Johannesburg",4
2018/121159/08,United Consulting 806 (Pty) Ltd,2020-04-03,CC,In Business,KwaZulu-Natal,"658 Baker Street, Johannesburg",4
2016/199227/08,Continental Investments 913 (Pty) Ltd,2020-12-19,LTD,In Business,Eastern Cape,"843 Main Street, Johannesburg",4
2015/662095/21,Continental Holdings 384 (Pty) Ltd,2021-03-13,LTD,In Business,Western Cape,"674 Commissioner Street, Johannesburg",3
2023/126670/07,Summit Consulting 777 (Pty) Ltd,2023-09-01,NPC,Deregistered,Eastern Cape,"631 Fox Street, Johannesburg",4
2015/346145/07,Apex Solutions 861 (Pty) Ltd,2016-03-25,CC,In Business,Eastern Cape,"163 Baker Street, Johannesburg",4
2024/942793/21,United Group 970 (Pty) Ltd,2016-01-17,NPC,In Business,Gauteng,"785 Main Street, Johannesburg",2
2016/146624/07,Prime Consulting 168 (Pty) Ltd,2020-05-08,PTY LTD,In Business,KwaZulu-Natal,"610 Fox Street, Johannesburg",4
2024/117044/07,ABC Holdings 18 (Pty) Ltd,2022-08-08,LTD,In Business,KwaZulu-Natal,"579 Baker Street, Johannesburg",5
2017/505557/21,Apex Services 977 (Pty) Ltd,2017-04-03,CC,In Business,Western Cape,"789 Fox Street, Johannesburg",4
2022/702112/07,Global Trading 489 (Pty) Ltd,2020-05-04,PTY LTD,In Business,Eastern Cape,"737 Commissioner Street, Johannesburg",1
2022/925966/21,Apex Consulting 326 (Pty) Ltd,2015-08-14,LTD,In Business,Western Cape,"918 Fox Street, Johannesburg",2
2015/578398/21,Prime Group 526 (Pty) Ltd,2023-06-18,NPC,In Business,KwaZulu-Natal,"556 Commissioner Street, Johannesburg",5
2020/893139/07,Premium Trading 730 (Pty) Ltd,2018-03-20,NPC,In Business,Western Cape,"98 Commissioner Street, Johannesburg",1
2016/783981/21,ABC Trading 569 (Pty) Ltd,2022-08-23,CC,In Business,Eastern Cape,"666 Main Street, Johannesburg",4
2018/762425/07,Continental Technologies 622 (Pty) Ltd,2023-04-21,NPC,In Business,Gauteng,"223 Main Street, Johannesburg",4
2021/704737/08,Premium Trading 411 (Pty) Ltd,2018-04-09,NPC,In Business,KwaZulu-Natal,"298 Baker Street, Johannesburg",4
2021/871842/07,Apex Group 407 (Pty) Ltd,2016-05-26,LTD,In Business,Free State,"214 Fox Street, Johannesburg",2
2018/770110/07,ABC Trading 4 (Pty) Ltd,2022-08-01,PTY LTD,Under Judicial Management,KwaZulu-Natal,"368 Commissioner Street, Johannesburg",5
2020/308189/21,Apex Solutions 769 (Pty) Ltd,2020-03-16,NPC,In Business,Eastern Cape,"790 Fox Street, Johannesburg",3
2019/608737/08,African Technologies 650 (Pty) Ltd,2016-11-09,CC,Deregistered,Western Cape,"359 Baker Street, Johannesburg",4
2022/533732/07,Apex Holdings 15 (Pty) Ltd,2020-03-25,PTY LTD,Under Judicial Management,KwaZulu-Natal,"665 Main Street, Johannesburg",1
2015/800905/07,United Services 46 (Pty) Ltd,2018-04-14,LTD,In Business,Western Cape,"636 Main Street, Johannesburg",1
2018/859613/08,Prime Group 860 (Pty) Ltd,2015-09-25,LTD,In Business,Eastern Cape,"101 Commissioner Street, Johannesburg",5
2017/631153/21,Premium Technologies 722 (Pty) Ltd,2022-03-22,NPC,In Business,Gauteng,"975 Baker Street, Johannesburg",5
2022/697277/07,African Group 739 (Pty) Ltd,2020-08-01,NPC,In Business,Gauteng,"371 Commissioner Street, Johannesburg",3
2019/623624/07,Premium Services 656 (Pty) Ltd,2020-04-26,PTY LTD,In Business,Free State,"520 Commissioner Street, Johannesburg",4
2023/925298/21,ABC Investments 160 (Pty) Ltd,2015-07-10,LTD,In Business,Western Cape,"379 Main Street, Johannesburg",5
2022/770953/21,Apex Solutions 629 (Pty) Ltd,2022-11-24,NPC,In Business,Free State,"535 Commissioner Street, Johannesburg",2
2019/331399/07,Premium Investments 542 (Pty) Ltd,2021-01-07,NPC,In Business,Western Cape,"830 Commissioner Street, Johannesburg",4
2023/250615/21,ABC Services 427 (Pty) Ltd,2016-07-03,LTD,In Business,KwaZulu-Natal,"901 Fox Street, Johannesburg",4
2020/524322/21,ABC Consulting 693 (Pty) Ltd,2018-05-14,LTD,In Business,Eastern Cape,"772 Commissioner Street, Johannesburg",4
2015/982086/21,ABC Technologies 923 (Pty) Ltd,2023-07-08,NPC,In Business,KwaZulu-Natal,"407 Fox Street, Johannesburg",1
2016/669314/21,United Technologies 78 (Pty) Ltd,2016-08-28,LTD,In Business,Western Cape,"199 Main Street, Johannesburg",2
2024/367316/08,United Consulting 152 (Pty) Ltd,2022-12-18,LTD,In Business,KwaZulu-Natal,"987 Fox Street, Johannesburg",1
2020/987625/21,Global Holdings 497 (Pty) Ltd,2021-10-27,NPC,In Business,Western Cape,"551 Baker Street, Johannesburg",3
2018/189166/07,ABC Holdings 942 (Pty) Ltd,2019-09-28,CC,In Business,KwaZulu-Natal,"747 Baker Street, Johannesburg",3
2022/521872/07,Prime Solutions 642 (Pty) Ltd,2023-10-25,PTY LTD,In Business,Eastern Cape,"571 Commissioner Street, Johannesburg",4
2020/784881/07,Premium Consulting 991 (Pty) Ltd,2017-11-29,LTD,In Business,Western Cape,"823 Main Street, Johannesburg",3
2019/907728/21,Summit Trading 163 (Pty) Ltd,2015-08-10,LTD,In Business,Western Cape,"775 Fox Street, Johannesburg",3
2023/312047/08,United Consulting 417 (Pty) Ltd,2020-01-19,PTY LTD,In Business,Western Cape,"206 Commissioner Street, Johannesburg",1
2020/311024/21,Global Solutions 849 (Pty) Ltd,2020-07-18,NPC,In Business,Gauteng,"146 Commissioner Street, Johannesburg",2
2023/275511/07,Summit Group 692 (Pty) Ltd,2018-05-31,NPC,In Business,Western Cape,"963 Fox Street, Johannesburg",1
2017/703285/07,Apex Services 312 (Pty) Ltd,2015-01-28,NPC,In Business,KwaZulu-Natal,"263 Main Street, Johannesburg",2
2022/801682/07,Premium Consulting 611 (Pty) Ltd,2018-11-17,NPC,In Business,KwaZulu-Natal,"725 Commissioner Street, Johannesburg",3
2020/264299/21,Global Technologies 260 (Pty) Ltd,2021-05-19,LTD,In Business,KwaZulu-Natal,"680 Main Street, Johannesburg",4
2024/302454/21,Continental Trading 347 (Pty) Ltd,2018-05-07,NPC,In Business,KwaZulu-Natal,"860 Baker Street, Johannesburg",2
2023/599258/21,Continental Group 920 (Pty) Ltd,2023-08-02,LTD,In Business,Gauteng,"270 Baker Street, Johannesburg",3
2019/481930/08,Summit Solutions 152 (Pty) Ltd,2020-11-21,CC,In Business,Eastern Cape,"965 Baker Street, Johannesburg",5
2023/416237/21,Premium Solutions 68 (Pty) Ltd,2018-02-15,PTY LTD,Deregistered,Gauteng,"892 Fox Street, Johannesburg",5
2019/501383/07,African Consulting 398 (Pty) Ltd,2016-01-31,LTD,In Business,Western Cape,"906 Commissioner Street, Johannesburg",1
2020/741654/08,Prime Solutions 263 (Pty) Ltd,2018-07-25,PTY LTD,Deregistered,KwaZulu-Natal,"207 Baker Street, Johannesburg",1
2015/453828/21,Continental Consulting 396 (Pty) Ltd,2015-02-04,NPC,In Business,Eastern Cape,"517 Baker Street, Johannesburg",5
2022/942959/07,Premium Holdings 170 (Pty) Ltd,2016-03-10,LTD,In Business,KwaZulu-Natal,"595 Commissioner Street, Johannesburg",1
2024/777751/08,Global Solutions 615 (Pty) Ltd,2022-05-14,NPC,In Business,Gauteng,"213 Fox Street, Johannesburg",3
2017/784260/08,Apex Trading 278 (Pty) Ltd,2023-01-11,CC,In Business,Free State,"208 Commissioner Street, Johannesburg",2
2018/934677/07,United Solutions 812 (Pty) Ltd,2020-06-28,NPC,In Business,Eastern Cape,"60 Commissioner Street, Johannesburg",5
2023/827350/08,ABC Services 860 (Pty) Ltd,2021-03-25,LTD,In Business,Free State,"886 Fox Street, Johannesburg",2
2019/869960/07,Premium Solutions 467 (Pty) Ltd,2016-08-04,NPC,In Business,Western Cape,"289 Main Street, Johannesburg",5
2015/863726/07,Premium Services 218 (Pty) Ltd,2015-06-22,CC,In Business,Western Cape,"581 Main Street, Johannesburg",4
2021/230734/08,Prime Holdings 454 (Pty) Ltd,2022-07-21,PTY LTD,Deregistered,Eastern Cape,"930 Fox Street, Johannesburg",5
2021/863726/21,United Trading 998 (Pty) Ltd,2016-04-02,NPC,In Business,Free State,"920 Main Street, Johannesburg",2
2018/325565/07,Apex Holdings 722 (Pty) Ltd,2017-04-25,PTY LTD,In Business,Western Cape,"191 Baker Street, Johannesburg",3
2015/784362/07,Summit Trading 196 (Pty) Ltd,2020-11-04,LTD,In Business,KwaZulu-Natal,"86 Commissioner Street, Johannesburg",5
2024/982590/21,Global Solutions 212 (Pty) Ltd,2017-08-05,PTY LTD,In Business,Free State,"742 Main Street, Johannesburg",5
2015/196303/21,ABC Group 157 (Pty) Ltd,2017-06-23,PTY LTD,In Business,Free State,"96 Fox Street, Johannesburg",5
2020/445534/21,Summit Holdings 350 (Pty) Ltd,2015-10-29,PTY LTD,In Business,Eastern Cape,"792 Fox Street, Johannesburg",2
2023/310691/08,Prime Group 898 (Pty) Ltd,2023-05-27,CC,In Business,KwaZulu-Natal,"396 Baker Street, Johannesburg",4
2024/321203/07,Continental Services 248 (Pty) Ltd,2017-06-30,PTY LTD,In Business,Gauteng,"280 Commissioner Street, Johannesburg",1
2016/744079/07,Prime Solutions 113 (Pty) Ltd,2019-06-23,PTY LTD,In Business,Gauteng,"575 Baker Street, Johannesburg",2
2024/307218/21,Premium Solutions 318 (Pty) Ltd,2016-02-29,PTY LTD,Deregistered,Eastern Cape,"376 Baker Street, Johannesburg",5
2018/314970/08,Apex Holdings 774 (Pty) Ltd,2018-03-27,LTD,In Business,Western Cape,"934 Fox Street, Johannesburg",3
2023/285560/08,Prime Technologies 357 (Pty) Ltd,2018-02-10,CC,In Business,Eastern Cape,"2 Main Street, Johannesburg",3
2022/226553/21,Apex Services 315 (Pty) Ltd,2023-09-09,PTY LTD,Business Rescue,Free State,"797 Fox Street, Johannesburg",2
2016/587825/21,Apex Consulting 544 (Pty) Ltd,2023-02-19,NPC,In Business,Eastern Cape,"631 Commissioner Street, Johannesburg",4
2017/113872/21,United Group 16 (Pty) Ltd,2015-01-27,NPC,In Business,Free State,"475 Baker Street, Johannesburg",1
2019/396718/08,Global Investments 126 (Pty) Ltd,2021-09-04,PTY LTD,In Business,KwaZulu-Natal,"46 Fox Street, Johannesburg",2
2024/578025/21,United Group 609 (Pty) Ltd,2023-02-18,LTD,Deregistered,KwaZulu-Natal,"416 Commissioner Street, Johannesburg",2
2019/676263/07,Continental Solutions 985 (Pty) Ltd,2020-10-04,NPC,In Business,Western Cape,"710 Commissioner Street, Johannesburg",2
2018/675725/21,Global Investments 190 (Pty) Ltd,2021-08-11,PTY LTD,Business Rescue,KwaZulu-Natal,"340 Fox Street, Johannesburg",4
2024/748287/07,ABC Investments 858 (Pty) Ltd,2018-01-04,LTD,In Business,Eastern Cape,"638 Baker Street, Johannesburg",5
2017/622049/07,African Trading 72 (Pty) Ltd,2015-03-17,CC,In Business,Gauteng,"164 Main Street, Johannesburg",2
2018/956341/07,Premium Solutions 39 (Pty) Ltd,2022-12-21,LTD,Deregistered,Gauteng,"27 Main Street, Johannesburg",1
2024/479883/08,Continental Services 138 (Pty) Ltd,2016-01-14,LTD,In Business,Gauteng,"726 Commissioner Street, Johannesburg",3
2015/298302/21,Premium Services 947 (Pty) Ltd,2015-10-20,CC,In Business,Free State,"58 Baker Street, Johannesburg",4
2018/888557/07,ABC Solutions 550 (Pty) Ltd,2021-06-06,PTY LTD,In Business,KwaZulu-Natal,"32 Main Street, Johannesburg",5
2015/463569/08,Premium Investments 289 (Pty) Ltd,2019-11-24,CC,Deregistered,Western Cape,"862 Main Street, Johannesburg",1
2016/646342/07,African Investments 175 (Pty) Ltd,2019-01-31,PTY LTD,In Business,Gauteng,"77 Baker Street, Johannesburg",4
2021/626809/08,African Group 141 (Pty) Ltd,2019-07-14,PTY LTD,In Business,Eastern Cape,"175 Commissioner Street, Johannesburg",2
2017/413315/07,Global Solutions 918 (Pty) Ltd,2020-08-19,LTD,In Business,Gauteng,"211 Commissioner Street, Johannesburg",1
2023/448856/07,African Investments 184 (Pty) Ltd,2021-05-24,NPC,In Business,Free State,"365 Fox Street, Johannesburg",3
2021/111765/07,Apex Investments 304 (Pty) Ltd,2021-11-17,LTD,Under Judicial Management,Gauteng,"992 Fox Street, Johannesburg",2
2020/819623/21,United Services 618 (Pty) Ltd,2022-10-11,PTY LTD,In Business,Gauteng,"186 Main Street, Johannesburg",1
2024/515668/08,African Technologies 691 (Pty) Ltd,2017-07-02,LTD,In Business,Western Cape,"919 Baker Street, Johannesburg",1
2023/204713/07,Prime Holdings 776 (Pty) Ltd,2023-03-15,NPC,In Business,Free State,"137 Fox Street, Johannesburg",1
2023/691707/08,Premium Services 774 (Pty) Ltd,2023-10-05,LTD,In Business,Eastern Cape,"973 Commissioner Street, Johannesburg",4
2016/299711/08,Premium Trading 296 (Pty) Ltd,2017-09-15,LTD,In Business,KwaZulu-Natal,"928 Commissioner Street, Johannesburg",1
2016/227931/07,African Technologies 580 (Pty) Ltd,2017-07-25,NPC,In Business,KwaZulu-Natal,"633 Commissioner Street, Johannesburg",5
2023/947658/21,Continental Holdings 24 (Pty) Ltd,2020-10-16,NPC,Deregistered,KwaZulu-Natal,"684 Main Street, Johannesburg",1
2021/819019/08,United Holdings 98 (Pty) Ltd,2016-06-16,CC,In Business,Free State,"180 Baker Street, Johannesburg",1
2024/251197/08,ABC Trading 936 (Pty) Ltd,2020-10-20,CC,In Business,Gauteng,"996 Baker Street, Johannesburg",3
2018/966115/21,ABC Technologies 142 (Pty) Ltd,2015-10-04,LTD,Under Judicial Management,Eastern Cape,"489 Fox Street, Johannesburg",1
2020/345610/08,Premium Services 405 (Pty) Ltd,2022-12-22,PTY LTD,In Business,Eastern Cape,"995 Baker Street, Johannesburg",2
2023/627078/08,Apex Holdings 672 (Pty) Ltd,2022-06-30,CC,In Business,KwaZulu-Natal,"142 Baker Street, Johannesburg",2
2015/906669/21,Continental Trading 582 (Pty) Ltd,2015-06-12,PTY LTD,Under Judicial Management,Free State,"104 Commissioner Street, Johannesburg",1
2023/661375/08,ABC Trading 358 (Pty) Ltd,2021-06-11,CC,Deregistered,Free State,"995 Main Street, Johannesburg",2
2021/131343/21,Summit Solutions 179 (Pty) Ltd,2020-05-15,CC,In Business,KwaZulu-Natal,"387 Main Street, Johannesburg",5
2017/265335/07,United Group 802 (Pty) Ltd,2015-05-04,PTY LTD,In Business,Eastern Cape,"539 Fox Street, Johannesburg",3
2018/512496/21,Apex Consulting 311 (Pty) Ltd,2017-05-14,CC,In Business,Eastern Cape,"635 Fox Street, Johannesburg",3
2024/517862/07,ABC Trading 56 (Pty) Ltd,2015-05-05,PTY LTD,In Business,Eastern Cape,"489 Fox Street, Johannesburg",3
2015/834691/07,Global Investments 471 (Pty) Ltd,2020-05-07,LTD,In Business,KwaZulu-Natal,"564 Fox Street, Johannesburg",2
2022/182184/07,African Trading 942 (Pty) Ltd,2016-11-12,NPC,In Business,Gauteng,"634 Baker Street, Johannesburg",3
2019/179831/08,African Technologies 105 (Pty) Ltd,2020-05-03,NPC,In Business,Free State,"821 Baker Street, Johannesburg",4
2016/668247/07,Prime Investments 979 (Pty) Ltd,2021-06-11,NPC,Deregistered,Free State,"481 Fox Street, Johannesburg",2
2016/567689/08,United Investments 835 (Pty) Ltd,2016-01-30,PTY LTD,In Business,Eastern Cape,"672 Main Street, Johannesburg",5
2017/273638/07,African Solutions 382 (Pty) Ltd,2019-06-20,PTY LTD,In Business,Gauteng,"935 Commissioner Street, Johannesburg",5
2018/788186/21,ABC Trading 852 (Pty) Ltd,2021-06-05,PTY LTD,In Business,Free State,"609 Baker Street, Johannesburg",3
2024/933364/08,ABC Group 217 (Pty) Ltd,2017-06-06,PTY LTD,In Business,Free State,"454 Fox Street, Johannesburg",1
2021/309131/08,ABC Solutions 523 (Pty) Ltd,2019-06-25,CC,In Business,Eastern Cape,"902 Baker Street, Johannesburg",4
2022/503368/21,Continental Services 403 (Pty) Ltd,2020-11-09,PTY LTD,In Business,Free State,"874 Fox Street, Johannesburg",4
2021/580512/07,Prime Consulting 858 (Pty) Ltd,2018-01-18,PTY LTD,In Business,Eastern Cape,"158 Main Street, Johannesburg",3
2023/536270/21,Continental Investments 460 (Pty) Ltd,2021-02-22,LTD,In Business,Free State,"139 Commissioner Street, Johannesburg",4
2015/340778/21,Premium Group 602 (Pty) Ltd,2023-04-07,CC,In Business,Free State,"293 Baker Street, Johannesburg",2
2015/737343/08,Global Consulting 109 (Pty) Ltd,2022-09-07,CC,In Business,Western Cape,"629 Main Street, Johannesburg",2
2016/105591/21,Prime Group 681 (Pty) Ltd,2022-09-17,CC,In Business,KwaZulu-Natal,"127 Main Street, Johannesburg",2
2019/986767/07,ABC Services 747 (Pty) Ltd,2017-04-02,LTD,In Business,Western Cape,"938 Fox Street, Johannesburg",5
2020/257212/07,Premium Consulting 782 (Pty) Ltd,2017-11-12,NPC,Deregistered,Free State,"734 Fox Street, Johannesburg",5
2019/195874/21,Continental Technologies 621 (Pty) Ltd,2020-09-18,NPC,In Business,Gauteng,"400 Main Street, Johannesburg",2
2017/656186/21,Premium Holdings 351 (Pty) Ltd,2019-03-12,LTD,In Business,KwaZulu-Natal,"629 Baker Street, Johannesburg",5
2022/241012/08,Prime Technologies 441 (Pty) Ltd,2021-04-19,PTY LTD,In Business,Gauteng,"398 Fox Street, Johannesburg",1
2015/303038/07,ABC Consulting 535 (Pty) Ltd,2016-03-10,PTY LTD,In Business,Western Cape,"699 Baker Street, Johannesburg",5
2015/307833/08,African Trading 875 (Pty) Ltd,2020-02-11,PTY LTD,In Business,Eastern Cape,"194 Fox Street, Johannesburg",4
2017/298521/07,United Solutions 695 (Pty) Ltd,2018-07-30,LTD,In Business,Gauteng,"248 Main Street, Johannesburg",2
2015/550242/08,Prime Holdings 614 (Pty) Ltd,2021-02-27,NPC,In Business,Gauteng,"320 Fox Street, Johannesburg",4
2016/560918/21,United Technologies 522 (Pty) Ltd,2017-08-03,PTY LTD,In Business,Western Cape,"596 Fox Street, Johannesburg",2
2015/575363/07,Continental Solutions 743 (Pty) Ltd,2017-07-23,LTD,In Business,KwaZulu-Natal,"470 Main Street, Johannesburg",1
2021/902658/07,Apex Technologies 645 (Pty) Ltd,2018-05-16,PTY LTD,In Business,Gauteng,"928 Main Street, Johannesburg",2
2020/990641/21,ABC Technologies 125 (Pty) Ltd,2017-02-16,PTY LTD,In Business,Gauteng,"583 Baker Street, Johannesburg",1
2018/391131/21,African Holdings 990 (Pty) Ltd,2021-07-22,CC,In Business,Western Cape,"327 Commissioner Street, Johannesburg",3
2022/559380/08,United Trading 153 (Pty) Ltd,2019-11-04,PTY LTD,Under Judicial Management,KwaZulu-Natal,"315 Baker Street, Johannesburg",5
2015/221900/21,Continental Technologies 661 (Pty) Ltd,2023-03-15,CC,Deregistered,KwaZulu-Natal,"855 Baker Street, Johannesburg",1
2021/355223/07,Global Holdings 961 (Pty) Ltd,2023-06-01,LTD,In Business,Free State,"89 Fox Street, Johannesburg",4
2015/554508/21,ABC Technologies 570 (Pty) Ltd,2021-04-13,LTD,In Business,Gauteng,"400 Commissioner Street, Johannesburg",1
2015/537753/21,ABC Trading 434 (Pty) Ltd,2020-07-24,CC,In Business,Western Cape,"494 Fox Street, Johannesburg",2
2018/380603/07,Prime Services 655 (Pty) Ltd,2022-04-19,CC,In Business,Eastern Cape,"538 Commissioner Street, Johannesburg",2
2018/178855/08,Apex Group 726 (Pty) Ltd,2015-03-16,CC,In Business,Gauteng,"602 Commissioner Street, Johannesburg",2
2022/910123/08,United Consulting 868 (Pty) Ltd,2016-01-24,NPC,Under Judicial Management,Gauteng,"141 Baker Street, Johannesburg",4
2016/344482/08,Global Services 48 (Pty) Ltd,2023-12-03,PTY LTD,In Business,KwaZulu-Natal,"591 Fox Street, Johannesburg",5
2023/363092/07,Premium Solutions 529 (Pty) Ltd,2023-05-20,CC,In Business,KwaZulu-Natal,"8 Main Street, Johannesburg",4
2020/896268/21,Global Consulting 571 (Pty) Ltd,2016-10-20,LTD,In Business,Free State,"348 Fox Street, Johannesburg",5
2017/583437/08,Global Solutions 762 (Pty) Ltd,2016-10-13,NPC,In Business,KwaZulu-Natal,"738 Commissioner Street, Johannesburg",5
2018/766351/08,United Solutions 463 (Pty) Ltd,2017-02-21,NPC,In Business,Gauteng,"276 Main Street, Johannesburg",1
2017/595220/21,Summit Solutions 377 (Pty) Ltd,2015-11-04,PTY LTD,Deregistered,Free State,"979 Baker Street, Johannesburg",1
2020/330665/21,Summit Investments 555 (Pty) Ltd,2021-12-05,PTY LTD,In Business,KwaZulu-Natal,"268 Commissioner Street, Johannesburg",5
2020/518715/08,Prime Investments 587 (Pty) Ltd,2023-11-08,LTD,In Business,KwaZulu-Natal,"995 Baker Street, Johannesburg",4
2015/531726/07,Prime Holdings 500 (Pty) Ltd,2018-10-07,PTY LTD,In Business,Eastern Cape,"807 Commissioner Street, Johannesburg",1
2015/139516/07,Continental Trading 390 (Pty) Ltd,2020-07-30,NPC,Deregistered,Gauteng,"513 Fox Street, Johannesburg",5
2016/738264/07,Continental Investments 810 (Pty) Ltd,2021-11-28,CC,In Business,KwaZulu-Natal,"338 Commissioner Street, Johannesburg",1
2018/523609/07,Summit Group 337 (Pty) Ltd,2023-11-13,NPC,In Business,Free State,"208 Commissioner Street, Johannesburg",2
2019/978261/07,Apex Services 585 (Pty) Ltd,2017-04-24,NPC,Deregistered,Gauteng,"217 Main Street, Johannesburg",2
2018/288790/08,ABC Group 169 (Pty) Ltd,2018-12-20,PTY LTD,In Business,KwaZulu-Natal,"272 Commissioner Street, Johannesburg",4
2019/386839/07,Summit Consulting 246 (Pty) Ltd,2017-03-29,LTD,In Business,KwaZulu-Natal,"509 Commissioner Street, Johannesburg",5
2021/757977/07,Summit Investments 991 (Pty) Ltd,2023-06-03,NPC,In Business,Eastern Cape,"796 Fox Street, Johannesburg",4
2019/868716/07,Prime Trading 797 (Pty) Ltd,2017-11-19,CC,In Business,Eastern Cape,"405 Baker Street, Johannesburg",5
2023/193135/07,Global Technologies 71 (Pty) Ltd,2019-08-29,CC,In Business,Eastern Cape,"942 Main Street, Johannesburg",4
2017/241766/07,Prime Technologies 889 (Pty) Ltd,2017-01-29,PTY LTD,In Business,Free State,"138 Commissioner Street, Johannesburg",5
2018/683505/08,Global Technologies 461 (Pty) Ltd,2019-05-03,PTY LTD,In Business,KwaZulu-Natal,"710 Main Street, Johannesburg",3
2024/358522/08,United Investments 326 (Pty) Ltd,2017-01-21,PTY LTD,In Business,Eastern Cape,"177 Commissioner Street, Johannesburg",5
2017/283138/08,Prime Technologies 425 (Pty) Ltd,2017-03-21,PTY LTD,In Business,KwaZulu-Natal,"330 Baker Street, Johannesburg",1
2021/497070/21,ABC Holdings 360 (Pty) Ltd,2022-05-03,CC,In Business,Western Cape,"742 Commissioner Street, Johannesburg",1
2021/975667/08,ABC Holdings 763 (Pty) Ltd,2016-11-15,CC,In Business,Western Cape,"996 Commissioner Street, Johannesburg",2
2021/410400/08,United Technologies 328 (Pty) Ltd,2022-04-01,PTY LTD,In Business,Western Cape,"173 Main Street, Johannesburg",5
2018/167510/07,United Services 21 (Pty) Ltd,2021-05-27,CC,In Business,KwaZulu-Natal,"829 Commissioner Street, Johannesburg",3
2021/737169/08,ABC Trading 180 (Pty) Ltd,2023-06-04,PTY LTD,In Business,Gauteng,"337 Commissioner Street, Johannesburg",3
2015/309530/08,Premium Group 759 (Pty) Ltd,2017-06-22,LTD,In Business,Eastern Cape,"353 Commissioner Street, Johannesburg",5
2018/405951/07,Apex Technologies 961 (Pty) Ltd,2022-07-28,CC,In Business,Western Cape,"730 Main Street, Johannesburg",4
2021/797624/21,Continental Consulting 693 (Pty) Ltd,2017-02-08,CC,In Business,Free State,"231 Fox Street, Johannesburg",3
2019/833959/07,African Technologies 899 (Pty) Ltd,2017-11-27,NPC,In Business,KwaZulu-Natal,"366 Main Street, Johannesburg",4
2018/215306/21,ABC Consulting 636 (Pty) Ltd,2016-05-05,NPC,In Business,Western Cape,"659 Fox Street, Johannesburg",5
2018/841344/21,African Investments 710 (Pty) Ltd,2018-03-17,PTY LTD,In Business,Gauteng,"985 Commissioner Street, Johannesburg",2
2017/753789/08,Continental Holdings 521 (Pty) Ltd,2015-09-13,CC,Deregistered,Western Cape,"48 Commissioner Street, Johannesburg",4
2021/205828/08,ABC Group 216 (Pty) Ltd,2018-12-24,LTD,In Business,Eastern Cape,"419 Main Street, Johannesburg",5
2022/833120/08,ABC Technologies 322 (Pty) Ltd,2023-04-04,LTD,Business Rescue,Eastern Cape,"773 Main Street, Johannesburg",3
2020/734754/08,African Trading 150 (Pty) Ltd,2020-02-26,LTD,Under Judicial Management,Eastern Cape,"310 Fox Street, Johannesburg",3
2023/597699/08,African Technologies 426 (Pty) Ltd,2020-04-07,NPC,In Business,Eastern Cape,"393 Baker Street, Johannesburg",2
2018/875694/21,Summit Group 215 (Pty) Ltd,2021-05-02,CC,In Business,Western Cape,"943 Fox Street, Johannesburg",5
2024/476167/08,Prime Services 651 (Pty) Ltd,2017-07-15,PTY LTD,In Business,Western Cape,"42 Baker Street, Johannesburg",1
2015/777731/07,Continental Services 817 (Pty) Ltd,2015-03-30,CC,In Business,Gauteng,"699 Fox Street, Johannesburg",4
2021/554163/08,Apex Holdings 435 (Pty) Ltd,2021-12-12,CC,In Business,Free State,"237 Commissioner Street, Johannesburg",4
2018/513378/08,Prime Services 38 (Pty) Ltd,2015-05-10,NPC,In Business,Western Cape,"76 Baker Street, Johannesburg",2
2021/185138/08,Apex Trading 167 (Pty) Ltd,2023-01-12,NPC,In Business,Eastern Cape,"235 Fox Street, Johannesburg",3
2022/230811/21,Premium Services 718 (Pty) Ltd,2023-11-11,PTY LTD,In Business,Western Cape,"893 Commissioner Street, Johannesburg",1
2021/430224/08,Apex Solutions 950 (Pty) Ltd,2018-09-16,CC,In Business,Gauteng,"684 Baker Street, Johannesburg",5
2020/509880/21,African Investments 627 (Pty) Ltd,2016-12-09,LTD,Deregistered,KwaZulu-Natal,"558 Baker Street, Johannesburg",4
2019/111952/08,Global Group 452 (Pty) Ltd,2016-01-17,CC,Deregistered,KwaZulu-Natal,"751 Fox Street, Johannesburg",3
2015/455346/21,Global Group 224 (Pty) Ltd,2021-01-20,LTD,In Business,Eastern Cape,"453 Fox Street, Johannesburg",2
2015/885879/21,Summit Group 15 (Pty) Ltd,2021-02-21,NPC,Deregistered,Free State,"942 Main Street, Johannesburg",3
2019/778542/21,United Consulting 751 (Pty) Ltd,2023-08-05,CC,In Business,Western Cape,"575 Fox Street, Johannesburg",2
2021/791647/07,Summit Technologies 273 (Pty) Ltd,2018-09-26,LTD,In Business,Free State,"716 Commissioner Street, Johannesburg",1
2018/416885/08,ABC Solutions 899 (Pty) Ltd,2023-05-12,PTY LTD,In Business,Eastern Cape,"788 Baker Street, Johannesburg",3
2024/636446/21,Summit Investments 201 (Pty) Ltd,2021-12-03,CC,In Business,Free State,"734 Commissioner Street, Johannesburg",3
2021/829692/07,Apex Holdings 874 (Pty) Ltd,2019-12-01,PTY LTD,In Business,Gauteng,"336 Commissioner Street, Johannesburg",1
2024/371883/07,Premium Group 939 (Pty) Ltd,2021-03-21,PTY LTD,In Business,Eastern Cape,"61 Commissioner Street, Johannesburg",3
2023/505447/07,Global Consulting 931 (Pty) Ltd,2015-06-05,CC,In Business,Gauteng,"806 Main Street, Johannesburg",1
2018/212531/07,United Technologies 784 (Pty) Ltd,2020-10-03,PTY LTD,In Business,Eastern Cape,"113 Fox Street, Johannesburg",1
2017/597508/08,Premium Holdings 448 (Pty) Ltd,2022-11-19,CC,In Business,Eastern Cape,"746 Fox Street, Johannesburg",4
2023/784712/07,Summit Technologies 329 (Pty) Ltd,2023-03-19,NPC,In Business,Gauteng,"298 Fox Street, Johannesburg",2
2015/493094/21,Prime Technologies 686 (Pty) Ltd,2018-07-02,LTD,In Business,Gauteng,"711 Baker Street, Johannesburg",2
2017/328273/07,United Consulting 328 (Pty) Ltd,2015-02-22,PTY LTD,In Business,Eastern Cape,"646 Fox Street, Johannesburg",2
2016/367066/08,African Technologies 263 (Pty) Ltd,2016-05-07,CC,In Business,Free State,"979 Fox Street, Johannesburg",2
2016/263890/21,Summit Services 504 (Pty) Ltd,2018-01-30,CC,In Business,Eastern Cape,"923 Fox Street, Johannesburg",2
2016/312047/07,Continental Services 518 (Pty) Ltd,2019-11-19,CC,In Business,Gauteng,"257 Fox Street, Johannesburg",5
2019/283506/07,ABC Solutions 121 (Pty) Ltd,2021-03-15,PTY LTD,In Business,Western Cape,"261 Main Street, Johannesburg",3
2022/357811/08,ABC Solutions 999 (Pty) Ltd,2020-08-09,LTD,In Business,KwaZulu-Natal,"257 Fox Street, Johannesburg",1
2021/609589/21,ABC Consulting 939 (Pty) Ltd,2019-05-20,CC,Deregistered,KwaZulu-Natal,"793 Fox Street, Johannesburg",1
2016/532746/08,Summit Solutions 220 (Pty) Ltd,2019-05-31,LTD,In Business,KwaZulu-Natal,"521 Main Street, Johannesburg",2
2016/412477/08,Premium Services 66 (Pty) Ltd,2021-04-15,PTY LTD,In Business,KwaZulu-Natal,"516 Main Street, Johannesburg",5
2020/265804/08,African Consulting 203 (Pty) Ltd,2019-01-13,NPC,In Business,Eastern Cape,"676 Commissioner Street, Johannesburg",3
2017/847845/07,African Holdings 86 (Pty) Ltd,2019-12-16,CC,In Business,Free State,"698 Main Street, Johannesburg",3
2023/176158/21,ABC Investments 602 (Pty) Ltd,2017-03-14,PTY LTD,In Business,Gauteng,"479 Fox Street, Johannesburg",1
2017/467091/21,Premium Holdings 818 (Pty) Ltd,2019-11-09,PTY LTD,Deregistered,Gauteng,"910 Main Street, Johannesburg",5
2022/639851/07,ABC Consulting 795 (Pty) Ltd,2019-08-18,CC,Deregistered,Gauteng,"180 Main Street, Johannesburg",3
2021/649594/21,Global Consulting 685 (Pty) Ltd,2016-08-04,CC,In Business,Gauteng,"754 Commissioner Street, Johannesburg",2
2024/432556/07,Global Investments 371 (Pty) Ltd,2023-12-19,CC,In Business,Free State,"186 Commissioner Street, Johannesburg",5
2020/243267/07,ABC Technologies 556 (Pty) Ltd,2019-10-05,NPC,In Business,Western Cape,"537 Baker Street, Johannesburg",2
2018/977514/21,Continental Investments 23 (Pty) Ltd,2020-05-12,NPC,In Business,Western Cape,"468 Baker Street, Johannesburg",4
2021/595226/21,Summit Holdings 86 (Pty) Ltd,2017-10-14,NPC,In Business,Western Cape,"463 Commissioner Street, Johannesburg",4
2016/102272/08,Summit Holdings 619 (Pty) Ltd,2022-09-11,LTD,In Business,Gauteng,"649 Fox Street, Johannesburg",3
2016/429186/21,ABC Investments 69 (Pty) Ltd,2021-06-22,CC,Deregistered,Free State,"298 Fox Street, Johannesburg",5
2024/317371/21,Prime Trading 711 (Pty) Ltd,2019-06-14,LTD,In Business,Eastern Cape,"848 Baker Street, Johannesburg",2
2019/552873/08,United Consulting 570 (Pty) Ltd,2020-12-01,LTD,In Business,Western Cape,"961 Main Street, Johannesburg",1
2018/455364/07,Apex Services 557 (Pty) Ltd,2022-12-28,NPC,In Business,Western Cape,"294 Main Street, Johannesburg",4
2020/294145/07,ABC Solutions 349 (Pty) Ltd,2022-07-01,CC,In Business,KwaZulu-Natal,"461 Baker Street, Johannesburg",4
2021/942831/07,African Group 915 (Pty) Ltd,2020-05-04,PTY LTD,Deregistered,Gauteng,"416 Main Street, Johannesburg",1
2020/351930/21,Apex Services 999 (Pty) Ltd,2015-11-25,NPC,In Business,KwaZulu-Natal,"506 Fox Street, Johannesburg",4
2021/981602/21,Global Trading 698 (Pty) Ltd,2017-02-03,CC,Under Judicial Management,KwaZulu-Natal,"782 Commissioner Street, Johannesburg",3
2017/452434/21,Summit Consulting 916 (Pty) Ltd,2017-11-05,NPC,In Business,Western Cape,"421 Main Street, Johannesburg",2
2017/321479/08,Premium Group 915 (Pty) Ltd,2019-11-15,NPC,Under Judicial Management,Gauteng,"473 Fox Street, Johannesburg",2
2021/697031/21,Prime Solutions 811 (Pty) Ltd,2018-02-23,PTY LTD,Deregistered,Free State,"613 Main Street, Johannesburg",5
2018/572979/21,Continental Services 829 (Pty) Ltd,2016-11-17,PTY LTD,In Business,Western Cape,"338 Commissioner Street, Johannesburg",5
2015/150874/21,Continental Technologies 762 (Pty) Ltd,2019-08-27,CC,In Business,Western Cape,"81 Baker Street, Johannesburg",2
2015/171124/08,Continental Services 622 (Pty) Ltd,2020-08-17,LTD,In Business,Western Cape,"653 Commissioner Street, Johannesburg",1
2018/694742/08,Global Technologies 348 (Pty) Ltd,2023-08-04,CC,In Business,Eastern Cape,"154 Baker Street, Johannesburg",2
2021/245475/21,Continental Group 693 (Pty) Ltd,2023-11-19,CC,Business Rescue,Eastern Cape,"54 Baker Street, Johannesburg",2
2021/485696/21,Global Technologies 318 (Pty) Ltd,2021-11-01,PTY LTD,In Business,Gauteng,"658 Commissioner Street, Johannesburg",1
2017/899010/21,Prime Services 257 (Pty) Ltd,2016-09-14,PTY LTD,In Business,Free State,"31 Commissioner Street, Johannesburg",1
2021/591766/07,Apex Technologies 96 (Pty) Ltd,2016-09-03,NPC,In Business,Eastern Cape,"265 Fox Street, Johannesburg",1
2024/325829/21,African Solutions 871 (Pty) Ltd,2016-10-11,PTY LTD,In Business,Free State,"520 Commissioner Street, Johannesburg",2
2020/757339/07,Premium Services 731 (Pty) Ltd,2017-02-22,PTY LTD,In Business,Western Cape,"611 Fox Street, Johannesburg",4
2018/158774/07,Global Investments 725 (Pty) Ltd,2019-04-28,LTD,In Business,Eastern Cape,"344 Baker Street, Johannesburg",2
2023/961218/08,Apex Technologies 561 (Pty) Ltd,2022-09-27,CC,In Business,Western Cape,"7 Commissioner Street, Johannesburg",1
2017/956173/08,Continental Holdings 121 (Pty) Ltd,2021-02-24,CC,In Business,Western Cape,"669 Main Street, Johannesburg",1
2019/935677/08,Summit Group 419 (Pty) Ltd,2022-03-08,NPC,In Business,Free State,"707 Commissioner Street, Johannesburg",2
2016/959452/21,Premium Trading 424 (Pty) Ltd,2022-02-21,LTD,In Business,Gauteng,"59 Fox Street, Johannesburg",1
2020/282327/07,Global Trading 175 (Pty) Ltd,2016-04-21,NPC,In Business,Eastern Cape,"503 Fox Street, Johannesburg",3
2023/418596/07,ABC Solutions 424 (Pty) Ltd,2015-06-01,CC,In Business,Free State,"987 Commissioner Street, Johannesburg",1
2016/165130/08,Prime Services 449 (Pty) Ltd,2022-07-29,LTD,In Business,Western Cape,"738 Fox Street, Johannesburg",3
2020/714514/21,Apex Services 294 (Pty) Ltd,2017-12-21,LTD,In Business,KwaZulu-Natal,"271 Baker Street, Johannesburg",3
2020/827876/08,African Services 30 (Pty) Ltd,2023-03-28,CC,In Business,Western Cape,"500 Commissioner Street, Johannesburg",1
2023/180238/21,Prime Group 187 (Pty) Ltd,2020-06-02,CC,In Business,Western Cape,"200 Commissioner Street, Johannesburg",1
2019/252132/07,Summit Holdings 542 (Pty) Ltd,2015-04-09,LTD,In Business,Free State,"570 Main Street, Johannesburg",2
2021/447426/07,Apex Investments 698 (Pty) Ltd,2015-09-16,NPC,In Business,Free State,"579 Fox Street, Johannesburg",1
2020/487003/08,ABC Services 979 (Pty) Ltd,2021-07-01,LTD,In Business,KwaZulu-Natal,"664 Fox Street, Johannesburg",1
2019/239535/21,United Holdings 838 (Pty) Ltd,2023-01-03,LTD,In Business,Gauteng,"283 Baker Street, Johannesburg",2
2021/876204/21,Premium Consulting 545 (Pty) Ltd,2015-04-29,PTY LTD,In Business,Free State,"201 Baker Street, Johannesburg",4
2016/492215/08,Summit Group 980 (Pty) Ltd,2018-10-13,CC,In Business,Gauteng,"190 Commissioner Street, Johannesburg",5
2023/884450/08,United Group 389 (Pty) Ltd,2022-06-04,CC,In Business,Eastern Cape,"735 Fox Street, Johannesburg",2
2024/780279/07,Continental Consulting 345 (Pty) Ltd,2021-06-09,LTD,In Business,Free State,"538 Fox Street, Johannesburg",3
2017/882223/08,Prime Group 440 (Pty) Ltd,2021-10-14,PTY LTD,In Business,Eastern Cape,"933 Fox Street, Johannesburg",2
2016/729539/07,ABC Technologies 616 (Pty) Ltd,2018-11-17,PTY LTD,In Business,Free State,"36 Baker Street, Johannesburg",4
2017/584645/08,Global Consulting 788 (Pty) Ltd,2015-07-01,CC,Deregistered,Western Cape,"969 Commissioner Street, Johannesburg",3
2017/141543/08,African Group 672 (Pty) Ltd,2015-05-09,NPC,In Business,Gauteng,"362 Fox Street, Johannesburg",1
2016/734718/21,Global Trading 368 (Pty) Ltd,2020-03-30,PTY LTD,Deregistered,KwaZulu-Natal,"338 Main Street, Johannesburg",3
2019/302815/08,Summit Trading 338 (Pty) Ltd,2018-03-27,LTD,In Business,KwaZulu-Natal,"4 Commissioner Street, Johannesburg",2
2016/361090/07,African Investments 208 (Pty) Ltd,2020-09-28,PTY LTD,In Business,Western Cape,"870 Main Street, Johannesburg",4
2024/641452/07,Premium Solutions 706 (Pty) Ltd,2020-07-30,PTY LTD,In Business,Eastern Cape,"143 Baker Street, Johannesburg",1
2015/987362/21,Prime Technologies 631 (Pty) Ltd,2015-09-18,CC,In Business,Free State,"74 Baker Street, Johannesburg",1
2024/826295/07,Continental Trading 304 (Pty) Ltd,2015-05-13,PTY LTD,In Business,Gauteng,"685 Baker Street, Johannesburg",5
2020/115162/21,ABC Investments 492 (Pty) Ltd,2018-03-06,NPC,In Business,Gauteng,"944 Commissioner Street, Johannesburg",5
2023/488976/21,Prime Technologies 100 (Pty) Ltd,2015-02-05,NPC,In Business,Western Cape,"463 Commissioner Street, Johannesburg",4
2021/716218/08,United Group 673 (Pty) Ltd,2023-09-25,NPC,In Business,Eastern Cape,"629 Main Street, Johannesburg",2
2018/728053/08,Prime Holdings 194 (Pty) Ltd,2018-08-10,LTD,In Business,Western Cape,"104 Fox Street, Johannesburg",3
2020/978461/21,Global Investments 891 (Pty) Ltd,2016-05-10,NPC,In Business,Gauteng,"215 Main Street, Johannesburg",2
2021/702648/07,Global Services 675 (Pty) Ltd,2021-03-12,LTD,Deregistered,Western Cape,"801 Commissioner Street, Johannesburg",3
2019/910962/08,Continental Solutions 62 (Pty) Ltd,2022-07-25,LTD,In Business,Free State,"288 Commissioner Street, Johannesburg",5
2019/956257/08,Prime Trading 758 (Pty) Ltd,2021-01-09,NPC,In Business,KwaZulu-Natal,"144 Fox Street, Johannesburg",5
2016/271735/07,Apex Holdings 578 (Pty) Ltd,2023-12-23,LTD,In Business,Eastern Cape,"85 Baker Street, Johannesburg",5
2015/579918/07,Global Holdings 176 (Pty) Ltd,2017-05-29,PTY LTD,In Business,Eastern Cape,"932 Commissioner Street, Johannesburg",4
2017/734511/08,United Holdings 243 (Pty) Ltd,2016-05-11,PTY LTD,In Business,KwaZulu-Natal,"709 Main Street, Johannesburg",2
2018/981356/21,Global Holdings 123 (Pty) Ltd,2017-09-07,LTD,Deregistered,Western Cape,"513 Baker Street, Johannesburg",2
2019/362373/07,Premium Services 248 (Pty) Ltd,2017-11-06,PTY LTD,In Business,Eastern Cape,"101 Commissioner Street, Johannesburg",1
2024/919051/07,Continental Consulting 794 (Pty) Ltd,2016-06-07,CC,In Business,Gauteng,"587 Baker Street, Johannesburg",5
2022/194759/07,United Services 246 (Pty) Ltd,2022-04-14,LTD,In Business,Free State,"147 Main Street, Johannesburg",3
2019/158180/08,Prime Technologies 477 (Pty) Ltd,2023-02-19,CC,In Business,Eastern Cape,"801 Commissioner Street, Johannesburg",2
2015/921012/07,ABC Trading 51 (Pty) Ltd,2020-05-13,LTD,Deregistered,Free State,"748 Fox Street, Johannesburg",2
2016/420895/08,Continental Investments 594 (Pty) Ltd,2023-09-06,LTD,In Business,Eastern Cape,"393 Baker Street, Johannesburg",5
2019/428062/07,United Trading 742 (Pty) Ltd,2023-11-04,CC,In Business,Gauteng,"24 Baker Street, Johannesburg",5
2019/822199/07,Prime Services 540 (Pty) Ltd,2015-11-10,PTY LTD,In Business,Free State,"585 Main Street, Johannesburg",1
2022/987595/07,Apex Investments 68 (Pty) Ltd,2016-05-05,PTY LTD,Deregistered,KwaZulu-Natal,"584 Fox Street, Johannesburg",2
2020/973899/21,Premium Services 26 (Pty) Ltd,2017-10-09,PTY LTD,In Business,Gauteng,"163 Commissioner Street, Johannesburg",1
2016/230215/21,Apex Group 718 (Pty) Ltd,2018-05-05,LTD,In Business,Western Cape,"893 Commissioner Street, Johannesburg",4
2021/516964/21,African Group 572 (Pty) Ltd,2016-02-10,LTD,In Business,Western Cape,"208 Commissioner Street, Johannesburg",2
2023/310033/07,African Solutions 252 (Pty) Ltd,2019-07-27,PTY LTD,In Business,Free State,"708 Commissioner Street, Johannesburg",1
2020/111218/08,African Group 378 (Pty) Ltd,2019-03-21,LTD,In Business,Free State,"402 Baker Street, Johannesburg",4
2018/943133/08,Apex Group 934 (Pty) Ltd,2019-01-13,LTD,In Business,Western Cape,"441 Baker Street, Johannesburg",1
2018/973340/07,Continental Trading 634 (Pty) Ltd,2022-11-15,LTD,In Business,Western Cape,"153 Commissioner Street, Johannesburg",1
2018/333339/08,Summit Solutions 738 (Pty) Ltd,2021-08-30,PTY LTD,In Business,Free State,"66 Main Street, Johannesburg",1
2022/472822/21,Apex Technologies 908 (Pty) Ltd,2022-07-18,PTY LTD,In Business,Eastern Cape,"63 Commissioner Street, Johannesburg",1
2015/748658/07,Global Group 372 (Pty) Ltd,2017-10-20,LTD,In Business,Eastern Cape,"724 Commissioner Street, Johannesburg",2
2015/268958/07,Summit Investments 78 (Pty) Ltd,2016-07-31,NPC,In Business,Western Cape,"462 Fox Street, Johannesburg",1
2019/855860/08,Continental Investments 480 (Pty) Ltd,2015-03-26,NPC,In Business,Eastern Cape,"24 Commissioner Street, Johannesburg",5
2019/408545/07,African Investments 400 (Pty) Ltd,2022-02-13,NPC,In Business,Free State,"156 Fox Street, Johannesburg",5
2016/603735/21,Summit Investments 810 (Pty) Ltd,2021-05-20,LTD,In Business,Free State,"491 Main Street, Johannesburg",5
2021/484916/07,ABC Group 249 (Pty) Ltd,2022-07-12,CC,In Business,Western Cape,"301 Fox Street, Johannesburg",4
2019/553101/21,Apex Services 667 (Pty) Ltd,2023-09-20,PTY LTD,In Business,Western Cape,"75 Commissioner Street, Johannesburg",5
2015/120318/07,African Consulting 195 (Pty) Ltd,2015-11-12,PTY LTD,In Business,KwaZulu-Natal,"124 Main Street, Johannesburg",5
2016/960880/08,United Services 481 (Pty) Ltd,2015-07-14,LTD,In Business,Gauteng,"34 Main Street, Johannesburg",2
2021/100312/07,Summit Consulting 540 (Pty) Ltd,2021-03-26,LTD,In Business,Gauteng,"451 Fox Street, Johannesburg",1
2024/537107/07,Continental Holdings 132 (Pty) Ltd,2020-06-03,NPC,In Business,Gauteng,"293 Fox Street, Johannesburg",5
2016/682542/08,Global Consulting 3 (Pty) Ltd,2016-10-08,NPC,In Business,Gauteng,"824 Baker Street, Johannesburg",4
2018/224689/08,ABC Solutions 471 (Pty) Ltd,2015-02-04,LTD,In Business,Western Cape,"165 Main Street, Johannesburg",3
2022/478722/08,Prime Services 644 (Pty) Ltd,2019-07-17,LTD,In Business,Eastern Cape,"509 Commissioner Street, Johannesburg",5
2017/898734/07,Summit Consulting 203 (Pty) Ltd,2018-03-17,LTD,In Business,KwaZulu-Natal,"903 Fox Street, Johannesburg",3
2017/344869/08,Summit Services 586 (Pty) Ltd,2018-11-24,PTY LTD,In Business,Eastern Cape,"386 Fox Street, Johannesburg",4
2023/618260/21,Prime Holdings 25 (Pty) Ltd,2015-11-12,PTY LTD,In Business,Gauteng,"822 Fox Street, Johannesburg",5
2022/801889/07,Continental Technologies 34 (Pty) Ltd,2019-08-21,LTD,In Business,Gauteng,"308 Baker Street, Johannesburg",4
2017/457686/21,Prime Technologies 832 (Pty) Ltd,2015-06-10,CC,In Business,Eastern Cape,"680 Main Street, Johannesburg",5
2019/755905/21,African Solutions 392 (Pty) Ltd,2022-02-12,PTY LTD,Under Judicial Management,Eastern Cape,"63 Commissioner Street, Johannesburg",4
2021/535510/21,African Consulting 875 (Pty) Ltd,2023-02-28,LTD,In Business,Free State,"767 Fox Street, Johannesburg",3
2023/686912/21,African Services 712 (Pty) Ltd,2022-12-09,NPC,Deregistered,Western Cape,"235 Main Street, Johannesburg",2
2020/105924/21,Continental Consulting 330 (Pty) Ltd,2017-03-12,PTY LTD,In Business,Western Cape,"992 Fox Street, Johannesburg",3
2018/239186/21,Summit Holdings 453 (Pty) Ltd,2018-01-06,PTY LTD,Business Rescue,Eastern Cape,"2 Main Street, Johannesburg",1
2015/705513/07,Premium Holdings 366 (Pty) Ltd,2016-12-30,PTY LTD,In Business,Eastern Cape,"115 Fox Street, Johannesburg",2
2016/730467/21,Summit Investments 215 (Pty) Ltd,2020-04-26,NPC,Deregistered,Gauteng,"139 Fox Street, Johannesburg",1
2022/804299/07,Premium Solutions 672 (Pty) Ltd,2016-03-10,LTD,In Business,Free State,"909 Commissioner Street, Johannesburg",2
2017/457581/08,Continental Technologies 21 (Pty) Ltd,2018-08-23,CC,In Business,Free State,"221 Main Street, Johannesburg",2
2020/454298/21,Continental Holdings 346 (Pty) Ltd,2023-10-20,NPC,In Business,Western Cape,"233 Main Street, Johannesburg",1
2019/282595/07,Premium Group 977 (Pty) Ltd,2018-11-19,PTY LTD,Deregistered,Gauteng,"644 Fox Street, Johannesburg",3
2024/396679/21,Summit Solutions 85 (Pty) Ltd,2018-02-18,NPC,Deregistered,Eastern Cape,"190 Fox Street, Johannesburg",5
2019/188917/21,Prime Group 367 (Pty) Ltd,2022-06-01,LTD,In Business,Free State,"252 Commissioner Street, Johannesburg",2
2018/597203/21,African Consulting 148 (Pty) Ltd,2022-06-04,CC,In Business,KwaZulu-Natal,"793 Fox Street, Johannesburg",4
2018/617359/21,Summit Consulting 510 (Pty) Ltd,2017-06-22,NPC,In Business,Free State,"874 Main Street, Johannesburg",1
2022/238702/08,Premium Services 705 (Pty) Ltd,2021-02-04,PTY LTD,In Business,Eastern Cape,"999 Baker Street, Johannesburg",4
2018/430601/08,Global Services 177 (Pty) Ltd,2016-11-10,NPC,In Business,Free State,"22 Baker Street, Johannesburg",5
2024/123666/07,Premium Investments 42 (Pty) Ltd,2019-04-03,PTY LTD,In Business,Gauteng,"38 Fox Street, Johannesburg",1
2023/123361/07,Global Investments 273 (Pty) Ltd,2022-09-17,PTY LTD,In Business,Western Cape,"889 Baker Street, Johannesburg",2
2017/821998/08,United Services 363 (Pty) Ltd,2018-05-19,LTD,In Business,Free State,"871 Commissioner Street, Johannesburg",3
2019/237929/08,United Group 946 (Pty) Ltd,2023-10-01,NPC,In Business,Gauteng,"56 Main Street, Johannesburg",5
2016/277126/08,Premium Holdings 434 (Pty) Ltd,2018-02-07,LTD,In Business,Western Cape,"884 Main Street, Johannesburg",2
2022/944718/21,Global Investments 912 (Pty) Ltd,2016-01-19,NPC,In Business,Gauteng,"644 Baker Street, Johannesburg",3
2021/979906/07,Summit Investments 949 (Pty) Ltd,2018-10-15,LTD,In Business,KwaZulu-Natal,"328 Baker Street, Johannesburg",3
2020/915496/08,Premium Technologies 537 (Pty) Ltd,2022-05-30,PTY LTD,In Business,Gauteng,"910 Main Street, Johannesburg",2
2023/171545/07,Summit Solutions 488 (Pty) Ltd,2016-10-19,CC,In Business,Gauteng,"417 Baker Street, Johannesburg",2
2020/538022/08,Global Services 504 (Pty) Ltd,2020-03-07,NPC,In Business,Eastern Cape,"152 Commissioner Street, Johannesburg",5
2024/854609/08,Apex Solutions 741 (Pty) Ltd,2021-03-23,PTY LTD,In Business,KwaZulu-Natal,"242 Fox Street, Johannesburg",2
2016/832393/08,Continental Investments 347 (Pty) Ltd,2021-11-24,LTD,In Business,KwaZulu-Natal,"877 Fox Street, Johannesburg",2
2024/690790/21,Global Services 838 (Pty) Ltd,2016-02-26,NPC,In Business,Gauteng,"295 Commissioner Street, Johannesburg",5
2022/815238/07,Global Investments 191 (Pty) Ltd,2017-11-13,PTY LTD,In Business,Free State,"80 Baker Street, Johannesburg",3
2023/986559/07,Global Group 656 (Pty) Ltd,2020-06-28,LTD,In Business,Western Cape,"209 Baker Street, Johannesburg",5
2019/263671/07,ABC Solutions 906 (Pty) Ltd,2015-06-15,CC,In Business,Eastern Cape,"168 Baker Street, Johannesburg",4
2015/787503/08,Continental Investments 950 (Pty) Ltd,2020-10-08,PTY LTD,Deregistered,Eastern Cape,"604 Main Street, Johannesburg",5
2022/285529/07,Global Solutions 636 (Pty) Ltd,2018-08-26,LTD,In Business,Gauteng,"579 Baker Street, Johannesburg",4
2020/595195/21,Prime Investments 109 (Pty) Ltd,2016-07-22,PTY LTD,Deregistered,KwaZulu-Natal,"916 Commissioner Street, Johannesburg",3
2019/220935/08,Prime Consulting 958 (Pty) Ltd,2017-10-30,NPC,In Business,Western Cape,"491 Main Street, Johannesburg",1
2023/657962/07,Global Holdings 362 (Pty) Ltd,2021-11-06,CC,In Business,Eastern Cape,"767 Fox Street, Johannesburg",2
2024/928593/08,Summit Holdings 58 (Pty) Ltd,2019-03-23,PTY LTD,In Business,Free State,"636 Commissioner Street, Johannesburg",3
2016/221822/21,United Investments 850 (Pty) Ltd,2021-02-02,CC,In Business,Western Cape,"779 Fox Street, Johannesburg",3
2018/200038/07,Continental Solutions 549 (Pty) Ltd,2023-03-31,NPC,Business Rescue,Gauteng,"994 Fox Street, Johannesburg",2
2023/765482/21,African Holdings 45 (Pty) Ltd,2020-09-24,LTD,Deregistered,Free State,"416 Main Street, Johannesburg",2
2015/801124/07,Continental Consulting 661 (Pty) Ltd,2022-04-14,NPC,Under Judicial Management,Gauteng,"273 Commissioner Street, Johannesburg",4
2017/862850/08,Apex Group 573 (Pty) Ltd,2020-05-17,PTY LTD,In Business,Western Cape,"467 Commissioner Street, Johannesburg",4
2023/118453/21,Premium Technologies 410 (Pty) Ltd,2019-08-12,LTD,Deregistered,Free State,"469 Main Street, Johannesburg",4
2022/834319/21,African Trading 176 (Pty) Ltd,2021-12-28,CC,In Business,Eastern Cape,"163 Fox Street, Johannesburg",1
2019/154504/07,Global Solutions 404 (Pty) Ltd,2023-09-16,CC,In Business,KwaZulu-Natal,"574 Baker Street, Johannesburg",5
2017/972768/07,Global Group 772 (Pty) Ltd,2020-04-06,CC,In Business,Free State,"727 Fox Street, Johannesburg",3
2018/183039/21,Prime Consulting 321 (Pty) Ltd,2019-04-29,NPC,In Business,Gauteng,"835 Baker Street, Johannesburg",4
2022/480492/08,Global Solutions 844 (Pty) Ltd,2017-02-05,PTY LTD,In Business,KwaZulu-Natal,"622 Baker Street, Johannesburg",4
2018/323690/07,African Holdings 535 (Pty) Ltd,2016-05-09,NPC,In Business,Eastern Cape,"983 Commissioner Street, Johannesburg",5
2023/792490/07,Apex Services 894 (Pty) Ltd,2021-12-18,LTD,In Business,Free State,"933 Commissioner Street, Johannesburg",2
2022/246039/07,ABC Group 870 (Pty) Ltd,2017-02-13,PTY LTD,In Business,Western Cape,"410 Baker Street, Johannesburg",1
2021/599398/07,ABC Investments 217 (Pty) Ltd,2023-03-29,PTY LTD,In Business,Free State,"770 Fox Street, Johannesburg",2
2018/623392/07,Premium Technologies 489 (Pty) Ltd,2019-12-14,NPC,In Business,Western Cape,"266 Fox Street, Johannesburg",2
2024/796903/08,Prime Solutions 890 (Pty) Ltd,2018-08-20,CC,In Business,Eastern Cape,"450 Commissioner Street, Johannesburg",4
2021/521516/08,Summit Trading 939 (Pty) Ltd,2021-08-02,LTD,In Business,KwaZulu-Natal,"504 Baker Street, Johannesburg",1
2018/674607/07,Summit Group 814 (Pty) Ltd,2020-08-28,NPC,In Business,Eastern Cape,"523 Baker Street, Johannesburg",1
2017/844891/07,Premium Group 58 (Pty) Ltd,2019-01-03,CC,In Business,Free State,"895 Baker Street, Johannesburg",4
2017/552631/07,ABC Consulting 384 (Pty) Ltd,2020-02-11,LTD,In Business,Western Cape,"95 Fox Street, Johannesburg",5
2019/648336/08,African Consulting 572 (Pty) Ltd,2021-04-14,LTD,Deregistered,Eastern Cape,"264 Fox Street, Johannesburg",2
2024/770121/07,African Trading 640 (Pty) Ltd,2019-08-17,PTY LTD,In Business,Western Cape,"600 Baker Street, Johannesburg",5
2020/956270/07,ABC Group 487 (Pty) Ltd,2016-09-03,NPC,In Business,Gauteng,"814 Baker Street, Johannesburg",4
2021/986967/07,African Solutions 718 (Pty) Ltd,2022-08-21,CC,In Business,Free State,"161 Commissioner Street, Johannesburg",3
2021/386943/07,ABC Services 654 (Pty) Ltd,2018-12-15,CC,In Business,Free State,"357 Baker Street, Johannesburg",2
2018/394788/07,African Solutions 543 (Pty) Ltd,2016-08-09,CC,In Business,KwaZulu-Natal,"161 Commissioner Street, Johannesburg",1
2022/862965/07,United Services 775 (Pty) Ltd,2015-01-05,PTY LTD,In Business,Eastern Cape,"214 Baker Street, Johannesburg",3
2017/340482/07,Premium Services 340 (Pty) Ltd,2017-11-28,PTY LTD,In Business,Western Cape,"496 Baker Street, Johannesburg",2
2022/207502/21,Global Holdings 477 (Pty) Ltd,2015-11-19,NPC,In Business,KwaZulu-Natal,"604 Fox Street, Johannesburg",2
2019/457332/08,Apex Trading 183 (Pty) Ltd,2018-10-05,PTY LTD,In Business,Eastern Cape,"565 Main Street, Johannesburg",1
2024/717758/07,Continental Holdings 268 (Pty) Ltd,2023-01-14,NPC,In Business,Free State,"708 Fox Street, Johannesburg",2
2021/787211/08,Premium Investments 110 (Pty) Ltd,2015-05-07,CC,In Business,Western Cape,"992 Baker Street, Johannesburg",4
2024/536975/07,United Consulting 221 (Pty) Ltd,2019-03-09,NPC,Deregistered,KwaZulu-Natal,"176 Commissioner Street, Johannesburg",3
2023/882420/07,Apex Technologies 962 (Pty) Ltd,2020-10-27,LTD,In Business,Eastern Cape,"157 Commissioner Street, Johannesburg",1
2015/888148/07,Global Solutions 559 (Pty) Ltd,2020-09-13,PTY LTD,In Business,Eastern Cape,"831 Fox Street, Johannesburg",3
2021/606740/21,Premium Consulting 257 (Pty) Ltd,2016-11-05,LTD,Deregistered,Free State,"656 Baker Street, Johannesburg",1
2022/888655/21,ABC Services 403 (Pty) Ltd,2017-03-11,NPC,In Business,Eastern Cape,"958 Main Street, Johannesburg",1
2022/962159/08,African Group 78 (Pty) Ltd,2023-04-26,NPC,In Business,Gauteng,"354 Commissioner Street, Johannesburg",1
2018/782515/21,Summit Solutions 740 (Pty) Ltd,2016-08-07,CC,In Business,KwaZulu-Natal,"925 Commissioner Street, Johannesburg",4
2018/188805/21,Premium Services 38 (Pty) Ltd,2018-05-09,PTY LTD,In Business,Free State,"921 Fox Street, Johannesburg",1
2015/832117/07,Continental Solutions 231 (Pty) Ltd,2016-05-30,NPC,In Business,Western Cape,"135 Fox Street, Johannesburg",3
2015/196494/07,ABC Technologies 467 (Pty) Ltd,2018-03-26,LTD,In Business,Free State,"657 Fox Street, Johannesburg",5
2017/403828/21,Apex Services 407 (Pty) Ltd,2020-12-10,PTY LTD,In Business,Gauteng,"71 Commissioner Street, Johannesburg",3
2021/456290/08,Apex Holdings 465 (Pty) Ltd,2020-09-08,LTD,In Business,Eastern Cape,"745 Fox Street, Johannesburg",3
2015/710995/08,Apex Group 551 (Pty) Ltd,2019-08-23,LTD,In Business,Free State,"9 Fox Street, Johannesburg",3
2019/267311/21,African Group 837 (Pty) Ltd,2018-10-30,NPC,In Business,Free State,"28 Fox Street, Johannesburg",3
2015/597443/07,ABC Investments 113 (Pty) Ltd,2015-10-12,NPC,In Business,Gauteng,"651 Baker Street, Johannesburg",2
2021/435801/07,Global Holdings 190 (Pty) Ltd,2016-08-01,NPC,In Business,Western Cape,"697 Fox Street, Johannesburg",5
2018/429519/08,United Trading 724 (Pty) Ltd,2022-02-26,LTD,In Business,Western Cape,"151 Commissioner Street, Johannesburg",4
2022/434440/08,Prime Services 447 (Pty) Ltd,2020-08-19,NPC,In Business,Eastern Cape,"558 Baker Street, Johannesburg",2
2023/171533/21,Apex Consulting 557 (Pty) Ltd,2019-03-04,CC,In Business,Eastern Cape,"202 Main Street, Johannesburg",3
2015/337607/08,Global Consulting 850 (Pty) Ltd,2023-08-31,NPC,In Business,KwaZulu-Natal,"596 Fox Street, Johannesburg",1
2020/710736/08,Continental Trading 785 (Pty) Ltd,2020-04-25,CC,In Business,Eastern Cape,"549 Commissioner Street, Johannesburg",5
2018/416802/08,Global Group 539 (Pty) Ltd,2017-12-04,PTY LTD,Business Rescue,Western Cape,"432 Fox Street, Johannesburg",4
2023/121746/08,United Services 470 (Pty) Ltd,2021-09-25,NPC,In Business,Eastern Cape,"952 Baker Street, Johannesburg",4
2016/350220/21,Global Investments 6 (Pty) Ltd,2021-03-07,LTD,Deregistered,Free State,"153 Fox Street, Johannesburg",1
2024/996570/21,Summit Group 133 (Pty) Ltd,2019-06-14,PTY LTD,In Business,Gauteng,"685 Main Street, Johannesburg",1
2019/994467/07,Summit Technologies 589 (Pty) Ltd,2020-02-04,CC,Business Rescue,Gauteng,"974 Baker Street, Johannesburg",1
2020/579438/08,African Technologies 736 (Pty) Ltd,2019-10-19,NPC,In Business,Free State,"190 Commissioner Street, Johannesburg",3
2017/498382/07,Continental Services 774 (Pty) Ltd,2022-01-14,PTY LTD,In Business,Gauteng,"508 Baker Street, Johannesburg",1
2016/303842/21,ABC Consulting 762 (Pty) Ltd,2023-06-25,PTY LTD,In Business,Western Cape,"314 Main Street, Johannesburg",1
2017/975586/07,African Trading 553 (Pty) Ltd,2023-09-24,NPC,In Business,Eastern Cape,"87 Main Street, Johannesburg",2
2021/668852/21,Global Holdings 778 (Pty) Ltd,2016-03-31,LTD,In Business,Gauteng,"749 Main Street, Johannesburg",5
2017/916434/07,Prime Group 690 (Pty) Ltd,2020-02-08,LTD,In Business,Eastern Cape,"871 Fox Street, Johannesburg",5
2019/520909/07,Continental Technologies 810 (Pty) Ltd,2019-05-16,NPC,Deregistered,Western Cape,"1 Main Street, Johannesburg",5
2021/507842/08,African Group 656 (Pty) Ltd,2018-07-16,PTY LTD,In Business,KwaZulu-Natal,"865 Fox Street, Johannesburg",5
2015/878848/07,Continental Group 13 (Pty) Ltd,2022-04-01,NPC,In Business,Gauteng,"583 Baker Street, Johannesburg",1
2019/284150/21,African Holdings 835 (Pty) Ltd,2020-08-13,PTY LTD,In Business,KwaZulu-Natal,"14 Fox Street, Johannesburg",5
2024/148405/21,Global Investments 537 (Pty) Ltd,2023-01-01,LTD,In Business,Eastern Cape,"436 Commissioner Street, Johannesburg",2
2020/575313/07,Prime Solutions 400 (Pty) Ltd,2016-10-26,CC,In Business,Western Cape,"295 Main Street, Johannesburg",4
2015/510810/08,Summit Technologies 26 (Pty) Ltd,2018-09-16,NPC,Under Judicial Management,Eastern Cape,"43 Fox Street, Johannesburg",3
2016/573443/21,African Solutions 982 (Pty) Ltd,2019-05-09,CC,Business Rescue,Eastern Cape,"798 Main Street, Johannesburg",1
2015/357060/21,Global Holdings 320 (Pty) Ltd,2017-05-09,PTY LTD,In Business,Gauteng,"563 Main Street, Johannesburg",2
2023/819082/21,Apex Group 490 (Pty) Ltd,2023-12-19,CC,In Business,Gauteng,"762 Commissioner Street, Johannesburg",3
2015/982246/21,ABC Technologies 920 (Pty) Ltd,2019-03-17,PTY LTD,In Business,KwaZulu-Natal,"521 Commissioner Street, Johannesburg",4
2022/699940/21,Premium Consulting 889 (Pty) Ltd,2019-10-24,PTY LTD,In Business,Western Cape,"356 Fox Street, Johannesburg",2
2019/626540/08,Summit Trading 657 (Pty) Ltd,2020-03-14,LTD,Under Judicial Management,Eastern Cape,"766 Fox Street, Johannesburg",5
2015/466397/08,United Technologies 668 (Pty) Ltd,2018-09-09,PTY LTD,Deregistered,Eastern Cape,"250 Baker Street, Johannesburg",4
2019/762464/08,ABC Technologies 907 (Pty) Ltd,2023-09-06,LTD,Deregistered,Eastern Cape,"12 Main Street, Johannesburg",2
2024/243483/21,Apex Trading 407 (Pty) Ltd,2018-12-20,CC,In Business,Western Cape,"156 Main Street, Johannesburg",1
2016/992771/21,Continental Investments 37 (Pty) Ltd,2016-08-13,PTY LTD,In Business,Gauteng,"503 Baker Street, Johannesburg",3
2018/276110/07,Global Trading 967 (Pty) Ltd,2021-07-29,CC,Deregistered,Free State,"267 Main Street, Johannesburg",3
2017/493597/07,United Services 447 (Pty) Ltd,2023-06-18,PTY LTD,In Business,Gauteng,"659 Main Street, Johannesburg",5
2021/945121/07,Apex Group 161 (Pty) Ltd,2020-01-22,LTD,Deregistered,Western Cape,"475 Fox Street, Johannesburg",3
2022/291307/21,Global Consulting 252 (Pty) Ltd,2016-01-01,PTY LTD,In Business,KwaZulu-Natal,"806 Commissioner Street, Johannesburg",5
